,trial,score_dif,userid,gridtype,gridnum
8255,1,1.0,3,Switch,207
11471,1,1.0,1,Switch,208
12659,2,1.0,3,Switch,205
13343,2,1.0,1,Switch,201
13523,1,1.0,9,Switch,204
14687,1,1.0,8,Switch,207
14753,1,1.0,5,Switch,202
15791,3,1.0,3,Switch,206
16037,3,1.0,1,Switch,205
16307,4,0.0,3,Switch,208
16763,5,1.0,3,Switch,202
16853,2,1.0,5,Switch,205
17267,2,1.0,9,Switch,206
17393,3,1.0,5,Switch,204
17627,6,1.0,3,Switch,203
17837,2,1.0,8,Switch,206
18467,4,1.0,5,Switch,203
18563,7,1.0,3,Switch,201
19493,1,1.0,11,Switch,205
19847,3,1.0,9,Switch,201
19913,1,1.0,6,Switch,207
20375,3,1.0,8,Switch,203
20465,1,1.0,12,Switch,208
20669,2,1.0,6,Switch,208
20963,1,0.0,2,Switch,208
21329,1,1.0,13,Switch,208
21635,1,1.0,22,Switch,201
21659,2,1.0,2,Switch,204
22037,4,1.0,1,Switch,204
22271,1,1.0,10,Switch,202
22907,2,1.0,10,Switch,207
23339,2,1.0,12,Switch,205
23411,5,1.0,1,Switch,203
23645,2,1.0,11,Switch,203
23663,3,1.0,2,Switch,207
23831,1,1.0,4,Switch,206
23915,6,1.0,1,Switch,207
24503,3,1.0,10,Switch,203
24539,2,1.0,22,Switch,208
24671,4,1.0,9,Switch,202
24755,3,1.0,12,Switch,203
25019,7,1.0,1,Switch,202
25055,3,1.0,22,Switch,206
25163,4,1.0,2,Switch,202
25211,1,1.0,23,Switch,204
25535,1,1.0,15,Switch,206
25685,2,1.0,23,Switch,206
26009,3,1.0,11,Switch,204
26111,5,1.0,9,Switch,208
26153,2,1.0,4,Switch,202
26159,3,1.0,23,Switch,207
26189,4,1.0,8,Switch,204
26651,5,1.0,2,Switch,206
26663,3,1.0,6,Switch,203
26771,5,0.0,5,Switch,208
26987,8,1.0,3,Switch,204
27047,2,1.0,15,Switch,203
27473,1,1.0,39,Switch,203
27677,3,1.0,15,Switch,204
27815,4,1.0,22,Switch,205
28133,4,1.0,23,Switch,202
28691,1,1.0,45,Switch,205
29105,3,1.0,4,Switch,208
29237,1,1.0,47,Switch,202
29381,1,1.0,43,Switch,206
29699,2,1.0,45,Switch,208
29717,4,1.0,12,Switch,204
29825,6,1.0,9,Switch,207
30329,1,1.0,40,Switch,202
30407,5,1.0,8,Switch,201
30425,6,1.0,5,Switch,201
30563,1,1.0,26,Switch,208
30623,6,1.0,2,Switch,203
30629,2,1.0,43,Switch,204
30815,4,0.0,15,Switch,201
31085,2,1.0,26,Switch,207
31127,1,1.0,31,Switch,207
31355,1,1.0,54,Switch,206
31469,8,1.0,1,Switch,206
31739,4,1.0,4,Switch,204
31799,3,1.0,43,Switch,207
32021,7,1.0,2,Switch,205
32051,6,1.0,8,Switch,205
32291,3,1.0,45,Switch,206
32357,5,1.0,12,Switch,207
32417,7,1.0,9,Switch,205
32495,7,1.0,8,Switch,208
32711,1,1.0,46,Switch,205
32735,4,1.0,6,Switch,205
33029,2,1.0,39,Switch,201
33071,1,1.0,25,Switch,205
33095,5,1.0,15,Switch,205
33131,1,1.0,14,Switch,202
33245,4,1.0,10,Switch,205
33413,1,1.0,17,Switch,207
33545,2,1.0,31,Switch,205
33641,2,1.0,40,Switch,201
33791,2,1.0,46,Switch,206
33857,2,1.0,47,Switch,206
33977,5,1.0,4,Switch,203
34037,1,1.0,34,Switch,203
34397,3,1.0,26,Switch,202
34451,3,1.0,46,Switch,201
34505,6,1.0,4,Switch,201
34679,3,1.0,31,Switch,204
34757,4,1.0,11,Switch,206
35045,2,1.0,13,Switch,201
35063,2,1.0,17,Switch,201
35147,8,1.0,2,Switch,201
35189,5,1.0,23,Switch,201
35291,2,1.0,25,Switch,201
35387,1,1.0,27,Switch,201
35597,6,1.0,12,Switch,206
35609,2,1.0,54,Switch,203
35621,3,1.0,47,Switch,203
35801,5,1.0,11,Switch,202
35873,8,1.0,9,Switch,203
36083,3,1.0,54,Switch,202
36125,4,1.0,47,Switch,205
36191,6,1.0,23,Switch,205
36353,7,1.0,4,Switch,205
36377,1,1.0,48,Switch,206
36401,3,1.0,39,Switch,205
36503,2,1.0,34,Switch,206
36671,8,1.0,8,Switch,202
36809,6,1.0,11,Switch,201
36863,1,1.0,28,Switch,207
37319,7,1.0,11,Switch,207
37367,1,1.0,70,Switch,202
37373,4,1.0,45,Switch,204
37655,1,1.0,36,Switch,204
37709,7,1.0,12,Switch,201
37757,1,1.0,21,Switch,201
37847,4,1.0,54,Switch,207
37883,1,1.0,37,Switch,207
37925,8,1.0,4,Switch,207
37973,2,1.0,70,Switch,208
38297,7,1.0,5,Switch,206
38327,1,0.0,30,Switch,206
38561,5,1.0,10,Switch,204
38579,6,1.0,15,Switch,202
38591,3,1.0,13,Switch,207
38609,1,1.0,64,Switch,205
38627,4,1.0,46,Switch,204
38705,3,1.0,17,Switch,205
38717,1,1.0,79,Switch,207
38729,3,1.0,25,Switch,202
38783,8,1.0,11,Switch,208
38879,8,1.0,5,Switch,207
39047,4,1.0,39,Switch,207
39503,5,1.0,39,Switch,208
39605,2,1.0,30,Switch,208
39647,1,1.0,41,Switch,208
39689,2,1.0,21,Switch,205
39695,5,1.0,45,Switch,203
39701,3,1.0,40,Switch,207
39767,2,1.0,48,Switch,202
39815,7,1.0,15,Switch,207
40055,3,1.0,70,Switch,205
40079,4,1.0,31,Switch,203
40090,4,1.0,26,Switch,201
40223,6,1.0,45,Switch,202
40241,1,1.0,76,Switch,208
41243,6,1.0,10,Switch,201
41255,7,1.0,45,Switch,201
41309,5,1.0,54,Switch,208
41387,7,1.0,23,Switch,208
41495,3,1.0,34,Switch,207
41549,5,1.0,6,Switch,204
41555,4,1.0,40,Switch,203
41777,2,1.0,36,Switch,206
41873,2,1.0,37,Switch,202
41879,1,1.0,83,Switch,202
41969,5,1.0,31,Switch,206
42035,2,1.0,14,Switch,201
42071,2,1.0,28,Switch,203
42077,4,1.0,17,Switch,206
42107,1,1.0,38,Switch,204
42419,5,1.0,26,Switch,205
42587,5,1.0,46,Switch,202
42647,3,1.0,21,Switch,202
42671,3,1.0,14,Switch,207
42791,8,1.0,12,Switch,202
43019,3,1.0,37,Switch,204
43169,2,0.0,38,Switch,206
43205,1,1.0,78,Switch,203
43223,2,1.0,41,Switch,201
43235,5,1.0,17,Switch,202
43253,3,0.0,36,Switch,201
43271,4,1.0,14,Switch,205
43385,1,1.0,56,Switch,202
43439,2,1.0,76,Switch,205
43769,7,1.0,10,Switch,206
43829,5,1.0,14,Switch,203
43949,5,1.0,40,Switch,208
43979,6,1.0,31,Switch,208
44153,2,1.0,79,Switch,205
44219,2,1.0,27,Switch,204
44231,1,1.0,86,Switch,206
44261,8,1.0,10,Switch,208
44351,8,1.0,23,Switch,203
44453,3,1.0,76,Switch,202
44579,4,1.0,13,Switch,203
44633,3,1.0,41,Switch,203
44681,6,1.0,6,Switch,202
44729,4,0.0,25,Switch,207
44849,4,1.0,43,Switch,201
45323,2,1.0,56,Switch,205
45383,3,1.0,27,Switch,203
45455,3,1.0,48,Switch,204
45533,3,1.0,28,Switch,201
45653,6,1.0,17,Switch,208
46007,2,1.0,64,Switch,202
46103,8,0.0,15,Switch,208
46121,4,1.0,36,Switch,203
46193,7,1.0,17,Switch,203
46247,3,1.0,30,Switch,201
46319,3,1.0,79,Switch,208
46325,2,1.0,83,Switch,207
46355,7,1.0,6,Switch,201
46493,6,1.0,14,Switch,204
46703,1,1.0,94,Switch,201
46709,3,1.0,64,Switch,201
46793,1,1.0,95,Switch,204
46823,5,1.0,13,Switch,204
46865,5,1.0,47,Switch,204
46937,4,1.0,30,Switch,202
47105,6,1.0,26,Switch,206
47147,4,1.0,76,Switch,204
47279,2,1.0,86,Switch,208
47399,4,0.0,64,Switch,207
47429,3,1.0,83,Switch,203
47435,4,1.0,79,Switch,203
47459,6,1.0,13,Switch,202
47465,6,1.0,47,Switch,208
47585,4,1.0,41,Switch,206
47675,7,1.0,26,Switch,203
47699,4,1.0,27,Switch,205
47729,7,1.0,14,Switch,208
47909,4,1.0,21,Switch,206
47945,4,1.0,83,Switch,204
47999,5,0.0,64,Switch,206
48011,7,1.0,47,Switch,201
48035,6,1.0,54,Switch,201
48041,5,1.0,79,Switch,204
48065,4,1.0,37,Switch,206
48130,6,1.0,39,Switch,206
48251,4,1.0,34,Switch,202
48497,8,1.0,17,Switch,204
48503,1,1.0,81,Switch,201
48587,6,1.0,64,Switch,208
48820,5,1.0,43,Switch,202
48839,5,1.0,34,Switch,204
49127,7,1.0,39,Switch,202
49427,6,1.0,40,Switch,206
49583,5,0.0,25,Switch,208
49697,8,1.0,39,Switch,204
49745,4,1.0,70,Switch,204
49751,5,1.0,27,Switch,208
49823,6,1.0,46,Switch,203
49847,5,1.0,21,Switch,207
49919,6,1.0,43,Switch,208
49985,3,1.0,38,Switch,205
49997,7,1.0,40,Switch,204
50159,3,1.0,86,Switch,201
50195,7,1.0,54,Switch,205
50219,2,0.0,78,Switch,201
50585,7,1.0,43,Switch,205
50609,7,1.0,46,Switch,208
50669,6,1.0,79,Switch,202
50831,8,1.0,54,Switch,204
50855,6,1.0,27,Switch,202
50939,7,1.0,31,Switch,202
51059,5,1.0,76,Switch,207
51203,6,1.0,34,Switch,201
51209,8,1.0,26,Switch,204
51227,1,1.0,62,Switch,201
51311,5,1.0,83,Switch,208
51347,5,1.0,36,Switch,208
51443,8,1.0,6,Switch,206
51569,2,1.0,81,Switch,205
51593,6,1.0,76,Switch,201
51623,8,1.0,43,Switch,203
51749,8,1.0,40,Switch,205
51785,4,1.0,86,Switch,203
51899,1,1.0,53,Switch,207
52013,5,1.0,30,Switch,203
52025,1,1.0,63,Switch,205
52037,8,1.0,14,Switch,206
52067,3,1.0,81,Switch,208
52139,2,1.0,95,Switch,207
52187,1,1.0,84,Switch,201
52247,7,0.0,27,Switch,207
52373,2,1.0,94,Switch,204
52451,6,1.0,25,Switch,206
52463,8,1.0,45,Switch,207
52511,3,1.0,78,Switch,208
52529,8,1.0,31,Switch,201
52595,3,1.0,95,Switch,203
52733,5,1.0,41,Switch,202
52852,2,1.0,84,Switch,202
52931,3,1.0,94,Switch,208
53045,7,1.0,25,Switch,203
53111,4,1.0,81,Switch,202
53171,3,1.0,56,Switch,201
53465,5,1.0,37,Switch,203
53477,8,1.0,27,Switch,206
53609,7,1.0,64,Switch,203
53717,2,1.0,63,Switch,202
53723,4,1.0,78,Switch,202
53813,7,1.0,13,Switch,205
53915,6,0.0,21,Switch,208
54023,8,1.0,47,Switch,207
54029,3,1.0,84,Switch,204
54047,1,1.0,65,Switch,201
54119,4,1.0,94,Switch,202
54137,4,1.0,48,Switch,207
54149,6,1.0,37,Switch,208
54239,7,1.0,76,Switch,206
54329,5,1.0,86,Switch,207
54533,7,1.0,21,Switch,204
54677,5,1.0,94,Switch,206
54713,1,1.0,68,Switch,206
55139,7,1.0,79,Switch,206
55301,1,1.0,18,Switch,207
55469,1,1.0,67,Switch,205
55601,8,1.0,21,Switch,203
55793,4,0.0,95,Switch,206
55871,5,1.0,48,Switch,203
56009,2,1.0,18,Switch,201
56357,6,1.0,36,Switch,202
56375,7,1.0,34,Switch,205
56507,8,1.0,25,Switch,204
56579,4,1.0,38,Switch,201
56633,8,1.0,13,Switch,206
56645,6,1.0,83,Switch,206
56741,5,1.0,95,Switch,201
56915,2,1.0,53,Switch,202
56921,8,1.0,46,Switch,207
57011,7,1.0,37,Switch,205
57197,4,1.0,28,Switch,208
57233,6,1.0,95,Switch,208
57251,2,1.0,62,Switch,204
57263,4,1.0,56,Switch,207
57449,6,1.0,48,Switch,205
57977,6,1.0,41,Switch,205
58133,8,1.0,37,Switch,201
58163,8,1.0,79,Switch,201
58235,7,1.0,83,Switch,201
58367,5,1.0,38,Switch,203
58427,4,1.0,84,Switch,207
58511,7,1.0,41,Switch,207
58697,5,1.0,28,Switch,206
58955,5,1.0,81,Switch,206
58961,2,1.0,67,Switch,202
59027,6,1.0,86,Switch,204
59105,3,1.0,53,Switch,201
59141,8,1.0,34,Switch,208
59327,5,0.0,78,Switch,206
59363,6,1.0,38,Switch,202
59387,6,1.0,28,Switch,205
59483,1,1.0,29,Switch,206
59591,8,1.0,76,Switch,203
59615,6,1.0,81,Switch,204
59801,5,1.0,56,Switch,204
59807,6,1.0,78,Switch,207
59897,7,1.0,28,Switch,202
59921,7,1.0,36,Switch,207
60065,5,1.0,84,Switch,203
60095,1,1.0,77,Switch,204
60131,7,1.0,81,Switch,203
60137,2,1.0,65,Switch,208
60143,7,1.0,48,Switch,208
60287,6,1.0,56,Switch,208
60437,1,1.0,97,Switch,201
60503,6,1.0,84,Switch,205
60545,8,1.0,28,Switch,204
60575,3,1.0,62,Switch,205
60635,7,1.0,95,Switch,205
60719,6,1.0,30,Switch,205
60731,3,1.0,67,Switch,201
60773,1,1.0,7,Switch,208
60839,1,1.0,80,Switch,207
60863,6,1.0,94,Switch,203
60959,1,1.0,33,Switch,208
61241,3,1.0,65,Switch,206
61283,7,0.0,78,Switch,204
61337,7,1.0,56,Switch,206
61373,8,1.0,83,Switch,205
61427,7,1.0,86,Switch,205
61439,1,1.0,75,Switch,205
61601,8,1.0,48,Switch,201
61637,7,1.0,38,Switch,207
61805,7,1.0,30,Switch,207
61817,1,1.0,44,Switch,206
61823,2,1.0,80,Switch,203
61835,8,1.0,56,Switch,203
62105,8,1.0,36,Switch,205
62237,8,0.0,78,Switch,205
62291,7,1.0,84,Switch,208
62327,3,1.0,80,Switch,201
62351,8,1.0,38,Switch,208
62411,3,1.0,63,Switch,201
62483,2,1.0,68,Switch,201
62573,5,1.0,22,Switch,203
62699,8,1.0,81,Switch,207
62747,4,1.0,80,Switch,202
62831,1,1.0,91,Switch,206
62861,2,1.0,33,Switch,206
62897,2,1.0,77,Switch,202
63047,4,1.0,67,Switch,204
63191,4,1.0,62,Switch,202
63209,7,1.0,94,Switch,205
63281,8,1.0,41,Switch,204
63305,2,1.0,75,Switch,206
63341,2,1.0,29,Switch,207
63377,4,1.0,63,Switch,203
63431,3,1.0,77,Switch,201
63887,3,0.0,68,Switch,202
64158,2,1.0,97,Switch,202
64193,5,1.0,62,Switch,208
64301,4,0.0,68,Switch,205
64991,3,1.0,97,Switch,205
65153,1,1.0,110,Switch,202
65279,8,1.0,30,Switch,204
65327,2,1.0,7,Switch,206
65453,4,1.0,65,Switch,207
65615,4,1.0,77,Switch,205
65627,8,1.0,95,Switch,202
65717,8,1.0,86,Switch,202
65735,3,1.0,7,Switch,204
65783,5,1.0,80,Switch,206
66263,4,1.0,7,Switch,201
66311,8,0.0,64,Switch,204
66431,4,1.0,97,Switch,203
66455,3,1.0,75,Switch,202
66521,1,1.0,88,Switch,202
66551,5,1.0,65,Switch,205
66575,6,1.0,62,Switch,206
66581,5,1.0,77,Switch,207
66611,1,1.0,106,Switch,207
66695,4,1.0,53,Switch,203
66743,6,1.0,22,Switch,204
66857,2,1.0,91,Switch,201
67085,2,1.0,110,Switch,201
67091,5,1.0,63,Switch,208
67133,5,1.0,70,Switch,203
67223,1,0.0,60,Switch,205
67283,1,1.0,127,Switch,205
67553,8,1.0,94,Switch,207
67571,6,1.0,63,Switch,207
68051,2,0.0,44,Switch,208
68153,3,1.0,33,Switch,202
68267,5,1.0,7,Switch,207
68501,2,1.0,60,Switch,203
68579,7,1.0,63,Switch,204
68585,5,0.0,67,Switch,208
68675,1,1.0,74,Switch,201
68693,2,1.0,127,Switch,201
68963,6,0.0,67,Switch,203
69125,3,1.0,29,Switch,202
69227,1,1.0,115,Switch,206
69383,3,1.0,110,Switch,205
69413,5,1.0,68,Switch,208
69443,8,1.0,63,Switch,206
69539,2,1.0,74,Switch,207
69557,4,1.0,75,Switch,204
69569,6,1.0,65,Switch,204
69581,8,1.0,84,Switch,206
69635,2,1.0,115,Switch,208
70013,1,1.0,108,Switch,204
70067,5,1.0,97,Switch,204
70115,2,1.0,106,Switch,201
70151,4,1.0,33,Switch,205
70331,1,1.0,125,Switch,203
70355,2,1.0,88,Switch,208
70517,3,0.0,127,Switch,206
70553,5,1.0,53,Switch,205
70589,6,1.0,68,Switch,204
70625,6,1.0,7,Switch,202
70709,3,1.0,88,Switch,205
70721,3,1.0,60,Switch,207
70763,7,1.0,67,Switch,206
70787,7,1.0,65,Switch,203
70793,7,1.0,22,Switch,207
70799,1,1.0,57,Switch,203
70805,5,1.0,75,Switch,201
71093,4,1.0,88,Switch,206
71201,3,1.0,74,Switch,205
71261,7,1.0,62,Switch,203
71285,2,1.0,57,Switch,205
71393,4,0.0,60,Switch,201
71465,8,1.0,65,Switch,202
71489,3,1.0,115,Switch,202
71555,5,1.0,33,Switch,203
71561,4,0.0,110,Switch,208
71609,3,1.0,91,Switch,208
71693,2,1.0,125,Switch,207
71825,6,1.0,77,Switch,206
72011,6,1.0,75,Switch,203
72029,3,1.0,125,Switch,202
72035,4,1.0,74,Switch,208
72083,6,1.0,33,Switch,201
72239,4,1.0,115,Switch,205
72275,8,1.0,67,Switch,207
72317,6,1.0,97,Switch,206
72383,5,1.0,60,Switch,206
72659,7,1.0,7,Switch,203
72689,1,0.0,119,Switch,207
72707,2,1.0,108,Switch,206
72725,1,1.0,99,Switch,204
72731,6,1.0,80,Switch,204
72743,8,1.0,22,Switch,202
72773,3,1.0,106,Switch,203
72821,6,1.0,60,Switch,208
72869,3,1.0,57,Switch,207
72899,4,1.0,29,Switch,203
72989,7,0.0,68,Switch,203
73025,5,1.0,74,Switch,206
73049,4,1.0,106,Switch,205
73061,1,1.0,93,Switch,208
73157,8,1.0,62,Switch,207
73271,7,1.0,77,Switch,208
73301,8,0.0,68,Switch,207
73331,6,1.0,74,Switch,202
73427,7,1.0,97,Switch,207
73523,7,1.0,33,Switch,204
73613,7,1.0,60,Switch,204
73673,7,1.0,80,Switch,208
73685,4,1.0,125,Switch,206
73883,8,1.0,7,Switch,205
73889,4,1.0,57,Switch,208
73997,5,1.0,125,Switch,208
74273,8,1.0,80,Switch,205
74291,6,1.0,125,Switch,204
74333,5,1.0,110,Switch,206
74495,6,1.0,53,Switch,204
74513,1,1.0,121,Switch,205
74543,5,1.0,88,Switch,204
74669,2,1.0,93,Switch,201
74729,8,1.0,77,Switch,203
74795,5,1.0,29,Switch,205
74855,2,1.0,119,Switch,205
74993,7,1.0,74,Switch,204
75023,8,1.0,97,Switch,208
75077,1,1.0,98,Switch,201
75083,8,1.0,33,Switch,207
75335,7,1.0,53,Switch,206
75341,5,1.0,106,Switch,202
75497,6,1.0,29,Switch,201
75545,3,1.0,93,Switch,204
75689,1,0.0,117,Switch,206
75833,7,1.0,125,Switch,205
75989,7,1.0,75,Switch,207
76091,2,1.0,117,Switch,205
76193,7,1.0,29,Switch,204
76217,4,1.0,127,Switch,203
76229,3,1.0,119,Switch,208
76247,4,1.0,93,Switch,207
76391,3,1.0,117,Switch,208
76409,8,1.0,53,Switch,208
76469,5,1.0,127,Switch,204
76535,6,1.0,88,Switch,203
76601,1,1.0,111,Switch,203
76667,3,1.0,44,Switch,202
76865,1,1.0,105,Switch,207
77003,6,1.0,127,Switch,207
77063,1,1.0,120,Switch,202
77099,4,1.0,44,Switch,207
77375,8,1.0,125,Switch,201
77519,2,1.0,111,Switch,207
77543,2,1.0,105,Switch,206
77657,5,1.0,44,Switch,201
77759,4,0.0,119,Switch,202
77777,5,1.0,57,Switch,204
77909,1,1.0,135,Switch,204
77939,3,1.0,105,Switch,201
77981,2,1.0,99,Switch,205
78095,4,1.0,117,Switch,202
78137,2,1.0,120,Switch,204
78197,1,1.0,128,Switch,208
78239,1,1.0,113,Switch,204
78245,2,1.0,135,Switch,201
78275,3,1.0,99,Switch,208
78401,7,1.0,127,Switch,208
78425,3,1.0,18,Switch,205
78431,6,0.0,106,Switch,208
78437,1,0.0,72,Switch,207
78449,5,1.0,115,Switch,204
78467,8,1.0,75,Switch,208
78490,3,1.0,108,Switch,208
78545,3,1.0,135,Switch,203
78689,1,1.0,109,Switch,204
78719,2,1.0,121,Switch,201
78791,7,1.0,106,Switch,206
78845,1,1.0,114,Switch,204
78875,8,1.0,74,Switch,203
79163,3,1.0,121,Switch,202
79241,2,1.0,113,Switch,203
79445,8,1.0,127,Switch,202
79523,8,1.0,106,Switch,204
79553,4,1.0,18,Switch,208
79583,1,1.0,122,Switch,206
79637,3,1.0,120,Switch,207
79685,1,1.0,124,Switch,204
79787,2,1.0,114,Switch,208
79883,4,1.0,108,Switch,202
79937,4,1.0,99,Switch,202
79955,2,1.0,72,Switch,205
79997,1,1.0,89,Switch,202
80003,3,0.0,111,Switch,201
80009,4,1.0,135,Switch,207
80027,6,1.0,115,Switch,201
80117,7,1.0,88,Switch,201
80141,6,1.0,57,Switch,206
80201,2,1.0,122,Switch,204
80219,3,0.0,114,Switch,206
80237,5,1.0,93,Switch,205
80261,4,1.0,105,Switch,203
80267,5,1.0,18,Switch,204
80357,8,1.0,88,Switch,207
80513,2,1.0,128,Switch,204
80549,7,1.0,115,Switch,207
80567,6,1.0,18,Switch,202
80627,4,1.0,114,Switch,201
80669,2,1.0,124,Switch,201
80711,6,1.0,44,Switch,205
80753,3,1.0,72,Switch,208
80807,3,1.0,128,Switch,205
80921,5,1.0,105,Switch,205
80975,1,1.0,96,Switch,208
81023,5,1.0,108,Switch,205
81125,1,0.0,133,Switch,204
81155,3,1.0,122,Switch,201
81209,8,1.0,29,Switch,208
81263,6,1.0,93,Switch,202
81293,3,1.0,124,Switch,205
81455,7,1.0,44,Switch,204
81515,4,1.0,124,Switch,202
81527,7,1.0,93,Switch,203
81887,5,1.0,119,Switch,203
81911,4,1.0,120,Switch,205
81947,2,1.0,109,Switch,205
81965,6,1.0,108,Switch,203
81983,5,1.0,135,Switch,205
82061,5,1.0,99,Switch,207
82079,2,1.0,89,Switch,206
82091,4,1.0,122,Switch,207
82103,5,1.0,114,Switch,205
82217,8,1.0,115,Switch,203
82283,2,1.0,96,Switch,206
82301,7,1.0,108,Switch,201
82541,2,1.0,133,Switch,206
82655,5,1.0,122,Switch,202
82841,4,1.0,111,Switch,206
82919,6,1.0,122,Switch,208
82955,5,1.0,120,Switch,208
83039,3,0.0,109,Switch,206
83129,7,1.0,18,Switch,206
83147,1,1.0,138,Switch,208
83351,8,1.0,44,Switch,203
83405,3,1.0,133,Switch,205
83435,6,1.0,119,Switch,206
83501,8,1.0,108,Switch,207
83585,4,1.0,121,Switch,208
83693,7,1.0,119,Switch,204
83759,4,1.0,91,Switch,204
83765,5,1.0,117,Switch,204
83915,6,1.0,99,Switch,203
83957,4,1.0,72,Switch,204
83987,6,1.0,114,Switch,203
84077,4,1.0,109,Switch,203
84083,6,1.0,105,Switch,202
84119,2,1.0,98,Switch,206
84137,8,1.0,93,Switch,206
84149,6,1.0,110,Switch,203
84161,5,1.0,124,Switch,206
84167,3,1.0,113,Switch,205
84185,7,1.0,99,Switch,206
84197,8,1.0,119,Switch,201
84341,6,1.0,117,Switch,203
84383,8,1.0,60,Switch,202
84389,4,1.0,128,Switch,207
84527,3,1.0,98,Switch,203
84605,2,1.0,138,Switch,205
84653,5,0.0,111,Switch,204
84749,8,1.0,99,Switch,201
84797,5,0.0,121,Switch,207
84899,4,1.0,133,Switch,201
84971,5,1.0,72,Switch,201
84983,4,1.0,98,Switch,204
84989,5,1.0,128,Switch,202
85055,7,1.0,110,Switch,207
85295,6,1.0,128,Switch,201
85331,6,1.0,121,Switch,204
85427,8,1.0,110,Switch,204
85511,7,1.0,57,Switch,201
85595,5,0.0,109,Switch,207
85715,1,1.0,130,Switch,207
85733,6,1.0,72,Switch,206
85895,6,1.0,135,Switch,202
85985,7,1.0,114,Switch,207
85997,1,1.0,137,Switch,201
86051,5,1.0,91,Switch,203
86063,2,1.0,130,Switch,206
86249,6,1.0,124,Switch,207
86273,4,1.0,113,Switch,206
86339,8,1.0,18,Switch,203
86381,3,1.0,96,Switch,203
86405,6,1.0,109,Switch,202
86543,7,1.0,117,Switch,201
86777,5,1.0,113,Switch,201
86783,7,1.0,109,Switch,201
87017,8,1.0,117,Switch,207
87035,7,1.0,124,Switch,203
87154,2,1.0,137,Switch,202
87377,8,1.0,114,Switch,202
87557,7,1.0,135,Switch,208
87563,3,1.0,130,Switch,205
87815,8,1.0,57,Switch,202
87851,3,1.0,138,Switch,204
87893,4,1.0,96,Switch,201
88037,6,1.0,91,Switch,202
88115,5,1.0,133,Switch,202
88163,7,1.0,122,Switch,205
88193,1,1.0,118,Switch,204
88229,7,1.0,128,Switch,206
88379,3,1.0,137,Switch,206
88493,8,1.0,124,Switch,208
88553,5,1.0,98,Switch,208
88673,6,1.0,111,Switch,205
88691,4,1.0,137,Switch,205
88715,8,1.0,135,Switch,206
88721,8,1.0,122,Switch,203
88757,4,1.0,130,Switch,202
88865,6,1.0,113,Switch,207
88871,7,1.0,91,Switch,205
89135,7,0.0,105,Switch,208
89159,8,1.0,91,Switch,207
89225,7,0.0,111,Switch,208
89375,6,1.0,120,Switch,201
89393,7,0.0,113,Switch,208
89501,8,0.0,111,Switch,202
89639,8,1.0,113,Switch,202
89651,7,1.0,120,Switch,206
89735,6,1.0,98,Switch,202
89759,8,1.0,128,Switch,203
90023,8,1.0,105,Switch,204
90203,1,1.0,126,Switch,205
90215,2,1.0,118,Switch,208
90239,8,1.0,120,Switch,203
90371,5,1.0,137,Switch,203
90419,5,1.0,130,Switch,208
90593,4,1.0,138,Switch,203
90605,7,1.0,121,Switch,206
90659,8,0.0,109,Switch,208
90833,5,1.0,96,Switch,204
90929,7,1.0,98,Switch,207
91043,5,1.0,138,Switch,202
91097,6,1.0,133,Switch,203
91157,1,1.0,50,Switch,203
91367,2,1.0,126,Switch,203
91391,6,1.0,137,Switch,204
91499,1,1.0,148,Switch,201
91637,8,1.0,98,Switch,205
91667,6,1.0,130,Switch,204
91745,3,1.0,89,Switch,204
91859,7,1.0,72,Switch,203
92009,4,1.0,89,Switch,208
92021,6,0.0,96,Switch,207
92087,8,1.0,72,Switch,202
92093,3,1.0,118,Switch,206
92279,1,1.0,90,Switch,203
92291,8,1.0,121,Switch,203
92333,7,1.0,130,Switch,203
92357,3,1.0,126,Switch,204
92441,2,1.0,148,Switch,203
92465,6,1.0,138,Switch,206
92579,4,1.0,126,Switch,206
92597,7,1.0,96,Switch,205
92609,7,0.0,137,Switch,208
92735,5,1.0,89,Switch,201
93011,1,1.0,145,Switch,203
93101,8,1.0,96,Switch,202
93143,4,1.0,118,Switch,202
93191,7,1.0,138,Switch,201
93425,2,0.0,145,Switch,208
93617,1,1.0,142,Switch,203
93641,8,1.0,138,Switch,207
93929,1,1.0,143,Switch,205
94049,5,1.0,118,Switch,203
94157,6,1.0,89,Switch,203
94283,7,1.0,133,Switch,208
94433,2,1.0,142,Switch,201
94727,8,1.0,137,Switch,207
94739,3,1.0,145,Switch,204
94835,6,1.0,118,Switch,201
94895,3,1.0,148,Switch,207
94919,3,1.0,142,Switch,208
94955,2,0.0,143,Switch,206
95003,4,1.0,145,Switch,205
95033,8,0.0,133,Switch,207
95075,2,1.0,50,Switch,204
95243,5,1.0,145,Switch,206
95267,3,0.0,143,Switch,203
95375,4,1.0,148,Switch,206
95549,2,1.0,90,Switch,201
95573,5,1.0,148,Switch,208
95579,1,1.0,71,Switch,207
95831,5,1.0,126,Switch,208
95885,4,1.0,143,Switch,207
95999,2,1.0,71,Switch,201
96173,6,1.0,126,Switch,201
96191,6,1.0,145,Switch,201
96203,7,1.0,89,Switch,205
96305,3,1.0,90,Switch,206
96389,5,1.0,143,Switch,202
96527,3,1.0,71,Switch,205
97187,3,1.0,50,Switch,205
97271,8,1.0,89,Switch,207
97295,6,1.0,143,Switch,208
97421,1,1.0,144,Switch,208
97535,7,1.0,118,Switch,207
97673,4,1.0,142,Switch,207
97781,4,1.0,90,Switch,204
97805,1,1.0,150,Switch,201
97817,1,1.0,159,Switch,201
98051,7,1.0,143,Switch,204
98069,1,1.0,146,Switch,208
98273,7,1.0,126,Switch,202
98291,6,1.0,148,Switch,204
98405,2,1.0,146,Switch,201
98411,2,1.0,144,Switch,205
98453,2,1.0,150,Switch,202
98465,7,1.0,148,Switch,205
98561,4,1.0,71,Switch,208
98645,8,1.0,148,Switch,202
98687,8,1.0,118,Switch,205
98765,5,1.0,71,Switch,202
98993,3,1.0,146,Switch,206
99041,2,1.0,159,Switch,202
99059,8,1.0,130,Switch,201
99077,5,1.0,90,Switch,202
99089,7,1.0,145,Switch,202
99137,3,1.0,150,Switch,204
99161,4,1.0,50,Switch,206
99347,6,1.0,90,Switch,208
99581,5,1.0,142,Switch,204
99587,4,1.0,146,Switch,205
99755,5,1.0,146,Switch,203
99791,1,1.0,155,Switch,202
99809,6,1.0,71,Switch,206
99845,8,1.0,126,Switch,207
99863,8,1.0,145,Switch,207
100061,2,1.0,155,Switch,208
100223,6,1.0,146,Switch,204
100373,3,0.0,144,Switch,203
100595,3,1.0,159,Switch,206
100727,1,1.0,163,Switch,203
100823,5,1.0,50,Switch,202
100853,6,0.0,142,Switch,206
100865,4,1.0,159,Switch,207
101021,7,1.0,142,Switch,205
101033,7,1.0,90,Switch,207
101159,7,1.0,146,Switch,202
101225,8,1.0,143,Switch,201
101339,1,1.0,160,Switch,208
101393,4,1.0,144,Switch,202
101597,4,1.0,150,Switch,203
101699,2,1.0,163,Switch,206
101885,2,1.0,160,Switch,202
101945,8,1.0,90,Switch,205
101999,6,1.0,50,Switch,207
102137,8,1.0,142,Switch,202
102197,7,1.0,71,Switch,203
102203,1,1.0,136,Switch,204
102581,3,1.0,163,Switch,205
102623,5,1.0,150,Switch,208
102665,5,1.0,159,Switch,205
102701,8,1.0,146,Switch,207
102767,7,1.0,50,Switch,208
102815,5,1.0,144,Switch,201
102923,3,1.0,155,Switch,204
103043,4,1.0,163,Switch,201
103097,4,1.0,155,Switch,206
103103,2,1.0,136,Switch,206
103157,1,1.0,162,Switch,207
103271,3,1.0,136,Switch,207
103337,3,1.0,160,Switch,205
103361,8,1.0,71,Switch,204
103439,4,1.0,136,Switch,205
103469,8,1.0,50,Switch,201
103475,5,1.0,155,Switch,207
103499,5,1.0,163,Switch,208
103637,6,1.0,155,Switch,203
103781,6,1.0,144,Switch,206
103847,2,1.0,162,Switch,205
103931,6,1.0,163,Switch,202
104021,3,1.0,162,Switch,201
104153,7,1.0,155,Switch,201
104159,5,1.0,136,Switch,203
104255,6,1.0,159,Switch,208
104291,4,1.0,160,Switch,207
104399,6,1.0,150,Switch,207
104429,7,1.0,159,Switch,203
104453,5,1.0,160,Switch,203
104543,4,1.0,162,Switch,202
104561,7,1.0,150,Switch,206
104609,6,1.0,160,Switch,206
104957,8,1.0,150,Switch,205
105029,6,0.0,136,Switch,201
105035,7,1.0,144,Switch,207
105203,8,1.0,144,Switch,204
105245,8,1.0,159,Switch,204
105587,1,1.0,166,Switch,205
105611,8,1.0,155,Switch,205
105773,7,1.0,160,Switch,201
105989,7,1.0,136,Switch,202
106007,8,1.0,160,Switch,204
106121,7,1.0,163,Switch,207
106181,8,1.0,136,Switch,208
106427,1,1.0,172,Switch,202
106877,8,1.0,163,Switch,204
107285,1,1.0,151,Switch,201
107741,2,0.0,151,Switch,205
107885,5,1.0,162,Switch,204
107897,2,1.0,172,Switch,208
108281,1,1.0,156,Switch,204
108419,1,1.0,164,Switch,206
108569,6,1.0,162,Switch,206
108623,1,1.0,157,Switch,206
108731,2,1.0,157,Switch,201
108857,2,1.0,164,Switch,203
108965,7,1.0,162,Switch,203
109037,2,1.0,156,Switch,206
109337,3,0.0,151,Switch,204
109367,8,1.0,162,Switch,208
109661,3,1.0,156,Switch,203
109709,3,1.0,157,Switch,202
109721,3,1.0,172,Switch,204
109853,4,1.0,172,Switch,206
110159,1,1.0,170,Switch,206
110453,4,1.0,156,Switch,205
110477,5,1.0,172,Switch,201
110723,3,1.0,164,Switch,202
110801,4,1.0,157,Switch,203
111047,2,1.0,170,Switch,208
111251,1,0.0,161,Switch,205
111257,6,1.0,172,Switch,205
111299,4,1.0,151,Switch,202
111473,3,1.0,170,Switch,203
111743,5,1.0,156,Switch,208
111827,5,1.0,157,Switch,205
111977,2,1.0,161,Switch,204
112043,6,1.0,70,Switch,207
112049,5,0.0,151,Switch,206
112073,6,1.0,157,Switch,208
112145,7,1.0,172,Switch,207
112247,4,1.0,164,Switch,208
112283,8,1.0,172,Switch,203
112325,4,1.0,170,Switch,201
112463,5,1.0,164,Switch,207
112475,6,1.0,151,Switch,203
112481,3,1.0,161,Switch,206
112709,6,1.0,156,Switch,201
112859,1,1.0,179,Switch,207
113207,2,1.0,179,Switch,201
113291,1,1.0,171,Switch,205
113453,2,1.0,171,Switch,201
113507,7,1.0,157,Switch,204
113627,3,1.0,171,Switch,203
113723,1,1.0,175,Switch,202
113741,5,1.0,170,Switch,204
113765,6,1.0,164,Switch,204
113819,8,1.0,157,Switch,207
113825,7,0.0,156,Switch,202
113831,4,1.0,161,Switch,203
113921,3,1.0,179,Switch,202
113945,7,1.0,164,Switch,205
113957,2,1.0,175,Switch,201
114083,8,1.0,164,Switch,201
114089,6,1.0,170,Switch,207
114257,7,1.0,170,Switch,205
114299,8,1.0,156,Switch,207
114311,3,1.0,175,Switch,207
114377,4,1.0,179,Switch,206
114407,8,1.0,170,Switch,202
114749,7,1.0,70,Switch,206
114953,5,1.0,161,Switch,201
115127,6,1.0,161,Switch,202
115157,1,1.0,176,Switch,208
115211,4,1.0,171,Switch,206
115337,7,1.0,161,Switch,207
115397,1,1.0,169,Switch,204
115427,2,1.0,176,Switch,207
115511,8,1.0,70,Switch,201
115517,4,1.0,175,Switch,204
115853,5,1.0,179,Switch,205
116039,7,1.0,151,Switch,208
116489,8,1.0,161,Switch,208
116783,8,1.0,151,Switch,207
116891,1,1.0,168,Switch,202
117965,5,0.0,175,Switch,206
118103,6,1.0,179,Switch,204
118349,2,1.0,169,Switch,208
118415,5,1.0,171,Switch,202
118487,7,0.0,179,Switch,208
118637,3,1.0,176,Switch,205
118889,3,1.0,169,Switch,207
118919,1,1.0,173,Switch,204
118991,6,1.0,175,Switch,205
119027,8,1.0,179,Switch,203
119123,1,1.0,188,Switch,205
119309,6,1.0,171,Switch,204
119507,7,1.0,171,Switch,208
119849,2,1.0,173,Switch,208
120065,2,1.0,188,Switch,208
120071,4,1.0,169,Switch,202
120245,1,1.0,181,Switch,203
120275,5,1.0,169,Switch,203
120305,8,1.0,171,Switch,207
120341,1,1.0,180,Switch,207
120449,2,1.0,181,Switch,207
120737,1,1.0,185,Switch,201
120791,2,1.0,168,Switch,203
120869,2,1.0,180,Switch,205
120977,3,1.0,168,Switch,207
121037,2,1.0,185,Switch,208
121127,3,1.0,173,Switch,207
121157,7,1.0,175,Switch,208
121247,6,1.0,169,Switch,201
121415,3,1.0,180,Switch,202
121475,4,1.0,168,Switch,201
121499,3,1.0,188,Switch,203
121727,4,1.0,188,Switch,206
121799,1,1.0,192,Switch,201
121955,4,1.0,180,Switch,206
121973,7,1.0,169,Switch,206
122003,8,1.0,175,Switch,203
122075,4,1.0,173,Switch,205
122087,8,1.0,169,Switch,205
122177,5,1.0,168,Switch,204
122237,2,1.0,192,Switch,203
122387,5,1.0,180,Switch,208
122507,6,1.0,180,Switch,203
122579,4,1.0,176,Switch,201
122681,5,1.0,188,Switch,207
122759,3,1.0,181,Switch,206
122837,3,1.0,192,Switch,204
123035,5,1.0,176,Switch,203
123143,6,1.0,188,Switch,202
123161,3,1.0,185,Switch,204
123179,5,1.0,173,Switch,203
123239,6,1.0,168,Switch,205
123533,4,1.0,192,Switch,207
123581,7,1.0,180,Switch,204
123701,7,1.0,188,Switch,204
123761,5,1.0,192,Switch,208
123803,4,1.0,185,Switch,206
123923,5,1.0,185,Switch,205
124049,6,1.0,185,Switch,202
124091,6,1.0,192,Switch,206
124139,6,1.0,173,Switch,206
124157,7,1.0,185,Switch,203
124193,8,1.0,188,Switch,201
124277,7,1.0,173,Switch,201
124421,7,1.0,168,Switch,208
124523,7,1.0,192,Switch,202
124763,8,1.0,173,Switch,202
124901,8,1.0,185,Switch,207
125171,4,1.0,181,Switch,205
125339,5,0.0,181,Switch,208
125501,8,1.0,192,Switch,205
125999,6,1.0,176,Switch,204
126071,8,1.0,168,Switch,206
126179,7,1.0,176,Switch,202
126323,6,1.0,181,Switch,202
126479,8,1.0,176,Switch,206
126707,7,1.0,181,Switch,201
126941,2,1.0,166,Switch,202
127103,8,1.0,180,Switch,201
127127,3,1.0,166,Switch,208
127277,8,1.0,181,Switch,204
127469,4,1.0,166,Switch,206
128069,5,1.0,166,Switch,201
128231,6,1.0,166,Switch,204
128333,7,1.0,166,Switch,207
128993,8,1.0,166,Switch,203
129143,1,1.0,199,Switch,202
129251,1,1.0,201,Switch,206
129257,1,1.0,203,Switch,203
129431,2,1.0,199,Switch,204
129665,3,1.0,199,Switch,205
129815,4,1.0,199,Switch,207
130055,2,0.0,203,Switch,208
130343,3,1.0,203,Switch,204
130481,5,1.0,199,Switch,201
130523,4,1.0,203,Switch,205
130613,6,1.0,199,Switch,203
130769,5,1.0,203,Switch,201
130925,6,1.0,203,Switch,207
130961,7,1.0,203,Switch,202
131279,8,1.0,203,Switch,206
131477,1,1.0,206,Switch,208
131681,1,1.0,204,Switch,203
132047,2,1.0,204,Switch,207
132053,7,1.0,199,Switch,206
132239,3,1.0,204,Switch,201
132257,1,1.0,207,Switch,205
132305,2,1.0,206,Switch,206
132341,2,1.0,207,Switch,202
132353,8,1.0,199,Switch,208
132479,3,1.0,207,Switch,204
132737,1,1.0,205,Switch,207
133265,4,1.0,207,Switch,206
133307,2,1.0,205,Switch,202
133361,5,0.0,207,Switch,208
133373,3,1.0,206,Switch,207
133451,3,1.0,205,Switch,203
133529,4,1.0,204,Switch,206
133619,5,1.0,204,Switch,205
133649,4,1.0,206,Switch,205
133787,5,1.0,206,Switch,203
133841,4,1.0,205,Switch,205
133979,6,1.0,204,Switch,202
134153,6,1.0,206,Switch,201
134213,7,1.0,204,Switch,204
134453,7,1.0,206,Switch,202
134825,1,1.0,210,Switch,205
135005,1,1.0,212,Switch,202
135149,8,1.0,206,Switch,204
135161,8,0.0,204,Switch,208
135239,6,1.0,207,Switch,201
135371,2,1.0,212,Switch,205
135581,2,1.0,210,Switch,203
135641,7,1.0,207,Switch,207
135689,3,1.0,210,Switch,204
135743,3,1.0,212,Switch,201
135875,4,1.0,212,Switch,203
136043,4,1.0,210,Switch,208
136079,5,1.0,205,Switch,206
136091,8,1.0,207,Switch,203
136157,5,1.0,212,Switch,204
136241,6,1.0,205,Switch,204
136331,5,1.0,210,Switch,202
136925,1,1.0,218,Switch,203
136967,1,1.0,215,Switch,206
137027,6,1.0,212,Switch,206
137039,2,1.0,218,Switch,201
137093,7,1.0,205,Switch,208
137135,3,1.0,218,Switch,205
137165,6,1.0,210,Switch,201
137231,7,1.0,212,Switch,207
137291,2,1.0,215,Switch,202
137327,2,0.0,201,Switch,204
137621,1,1.0,219,Switch,207
137843,8,1.0,205,Switch,201
137855,8,1.0,212,Switch,208
137861,7,1.0,210,Switch,206
137879,3,1.0,215,Switch,207
137921,4,0.0,218,Switch,208
137951,3,1.0,201,Switch,205
138005,4,1.0,215,Switch,201
138011,5,1.0,218,Switch,207
138023,4,1.0,201,Switch,203
138071,5,1.0,215,Switch,203
138095,5,1.0,201,Switch,201
138329,6,1.0,218,Switch,206
138335,6,1.0,215,Switch,205
138749,8,1.0,210,Switch,207
138857,7,1.0,215,Switch,208
138899,1,1.0,223,Switch,208
138923,8,1.0,215,Switch,204
139175,7,1.0,218,Switch,204
139253,1,1.0,221,Switch,202
139349,8,1.0,218,Switch,202
139391,2,1.0,221,Switch,208
139433,1,1.0,220,Switch,204
139481,2,1.0,223,Switch,207
140027,2,1.0,220,Switch,208
140219,3,1.0,220,Switch,201
140339,3,1.0,223,Switch,205
140411,3,1.0,221,Switch,204
140417,4,1.0,223,Switch,202
140501,4,1.0,220,Switch,205
140633,5,1.0,220,Switch,207
140675,1,1.0,214,Switch,208
140771,6,1.0,220,Switch,202
140795,5,1.0,223,Switch,203
140981,4,1.0,221,Switch,207
140987,7,1.0,220,Switch,203
141311,5,1.0,221,Switch,201
141341,1,1.0,225,Switch,205
141455,8,1.0,220,Switch,206
141629,6,1.0,223,Switch,201
141635,1,1.0,216,Switch,207
141791,7,1.0,223,Switch,206
141815,2,0.0,225,Switch,202
141899,3,1.0,225,Switch,207
141941,6,1.0,221,Switch,205
142133,8,1.0,223,Switch,204
142193,2,1.0,214,Switch,203
142271,2,1.0,219,Switch,204
142361,3,1.0,219,Switch,201
142403,4,1.0,225,Switch,206
142769,3,1.0,214,Switch,207
142835,1,1.0,227,Switch,201
142901,7,0.0,221,Switch,206
143015,2,1.0,216,Switch,208
143093,5,1.0,225,Switch,208
143099,2,1.0,227,Switch,204
143249,6,0.0,201,Switch,207
143501,7,1.0,201,Switch,208
143513,8,1.0,221,Switch,203
143549,4,1.0,214,Switch,201
143579,3,1.0,216,Switch,203
143603,8,1.0,201,Switch,202
143885,5,1.0,214,Switch,205
143951,4,0.0,219,Switch,202
143969,3,1.0,227,Switch,203
144005,6,1.0,214,Switch,202
144155,4,1.0,216,Switch,205
144185,4,1.0,227,Switch,205
144257,6,1.0,225,Switch,201
144311,7,1.0,214,Switch,206
144389,8,0.0,214,Switch,204
144443,5,1.0,219,Switch,205
144581,5,1.0,216,Switch,206
144707,5,1.0,227,Switch,208
144749,6,1.0,219,Switch,208
144803,7,1.0,225,Switch,204
144809,6,1.0,216,Switch,204
144821,7,1.0,219,Switch,203
144887,6,1.0,227,Switch,207
144899,8,1.0,219,Switch,206
144935,8,1.0,225,Switch,203
145277,1,1.0,229,Switch,202
145337,7,1.0,216,Switch,202
145619,1,1.0,226,Switch,201
145685,1,1.0,228,Switch,207
145697,8,1.0,216,Switch,201
145745,7,1.0,227,Switch,206
145853,2,1.0,228,Switch,201
146003,2,1.0,226,Switch,203
146159,2,1.0,229,Switch,208
146189,3,1.0,228,Switch,205
146303,3,1.0,226,Switch,205
146399,1,1.0,235,Switch,201
146555,3,1.0,229,Switch,206
146831,8,1.0,227,Switch,202
146849,4,1.0,226,Switch,208
146885,4,1.0,228,Switch,206
147041,2,1.0,235,Switch,204
147161,3,1.0,235,Switch,206
147347,1,1.0,231,Switch,202
147365,5,1.0,226,Switch,206
147503,2,1.0,231,Switch,206
147527,5,1.0,228,Switch,204
147551,4,1.0,229,Switch,207
147623,1,1.0,237,Switch,205
147701,6,1.0,228,Switch,203
147755,6,1.0,226,Switch,207
147809,1,1.0,238,Switch,202
147833,7,1.0,226,Switch,202
147851,4,0.0,235,Switch,203
147899,5,1.0,229,Switch,201
147905,3,1.0,231,Switch,207
147971,6,1.0,229,Switch,205
148001,5,1.0,235,Switch,202
148025,2,1.0,238,Switch,204
148163,6,1.0,235,Switch,207
148175,7,1.0,228,Switch,202
148187,4,1.0,231,Switch,208
148229,2,1.0,237,Switch,204
148259,7,1.0,235,Switch,208
148355,5,1.0,231,Switch,205
148391,7,1.0,229,Switch,204
148415,8,0.0,228,Switch,208
148445,3,1.0,238,Switch,208
148673,8,1.0,235,Switch,205
148697,8,1.0,226,Switch,204
148703,4,1.0,238,Switch,205
148781,5,1.0,238,Switch,207
148835,1,1.0,232,Switch,207
148859,6,1.0,231,Switch,201
148985,7,1.0,231,Switch,203
149015,3,1.0,237,Switch,201
149093,1,1.0,236,Switch,208
149213,6,1.0,238,Switch,203
149399,8,1.0,229,Switch,203
149591,2,0.0,232,Switch,202
149639,4,1.0,237,Switch,206
150125,5,1.0,237,Switch,202
150461,2,1.0,236,Switch,203
150473,7,1.0,238,Switch,201
150509,3,1.0,236,Switch,206
150587,4,1.0,236,Switch,201
150623,6,1.0,237,Switch,208
150677,3,1.0,232,Switch,205
150731,4,1.0,232,Switch,203
150773,8,1.0,238,Switch,206
150803,5,1.0,232,Switch,204
150863,6,1.0,232,Switch,208
150959,7,1.0,237,Switch,207
151019,8,1.0,237,Switch,203
151049,5,1.0,236,Switch,207
151067,8,0.0,231,Switch,204
151151,7,1.0,232,Switch,201
151295,6,1.0,236,Switch,204
151355,8,1.0,232,Switch,206
151373,1,1.0,239,Switch,201
151415,7,1.0,236,Switch,205
151547,8,1.0,236,Switch,202
152141,2,1.0,239,Switch,203
152387,1,1.0,242,Switch,203
152411,3,1.0,239,Switch,202
152663,4,1.0,239,Switch,208
152729,5,1.0,239,Switch,204
152741,1,1.0,243,Switch,205
152777,6,1.0,239,Switch,207
152783,2,1.0,243,Switch,208
152825,7,1.0,239,Switch,206
152873,2,1.0,242,Switch,202
153005,3,1.0,243,Switch,204
153263,3,1.0,242,Switch,206
153275,4,1.0,243,Switch,202
153437,5,1.0,243,Switch,201
153545,8,1.0,239,Switch,205
153611,4,1.0,242,Switch,208
153839,6,1.0,243,Switch,207
154007,7,1.0,243,Switch,203
154073,5,1.0,242,Switch,204
154349,8,1.0,243,Switch,206
154475,6,1.0,242,Switch,205
154523,1,1.0,245,Switch,203
154529,7,1.0,242,Switch,207
154535,1,1.0,247,Switch,208
154565,2,1.0,245,Switch,208
154655,3,1.0,245,Switch,202
154823,8,1.0,242,Switch,201
154967,2,1.0,247,Switch,201
155159,4,1.0,245,Switch,205
155285,5,1.0,245,Switch,206
155309,6,1.0,245,Switch,204
155345,7,1.0,245,Switch,207
155501,3,1.0,247,Switch,202
155537,4,1.0,247,Switch,203
155651,8,1.0,245,Switch,201
155711,5,1.0,247,Switch,207
155813,6,1.0,247,Switch,205
155831,7,1.0,247,Switch,206
155885,1,1.0,249,Switch,208
155951,8,1.0,247,Switch,204
155999,2,1.0,249,Switch,201
156065,3,1.0,249,Switch,202
156107,4,1.0,249,Switch,203
156179,5,1.0,249,Switch,205
156305,1,1.0,246,Switch,201
156311,6,1.0,249,Switch,207
156317,1,1.0,248,Switch,202
156347,2,1.0,248,Switch,207
156377,1,1.0,244,Switch,205
156431,3,1.0,248,Switch,205
156479,2,1.0,246,Switch,202
156533,7,1.0,249,Switch,206
156659,8,1.0,249,Switch,204
156683,4,1.0,248,Switch,208
156725,5,1.0,248,Switch,201
156731,3,1.0,246,Switch,208
156767,4,1.0,246,Switch,205
156839,5,1.0,246,Switch,203
157025,2,1.0,244,Switch,202
157073,3,1.0,244,Switch,203
157181,6,1.0,246,Switch,206
157199,4,1.0,244,Switch,204
157217,1,1.0,250,Switch,201
157277,7,1.0,246,Switch,207
157313,6,1.0,248,Switch,203
157379,2,1.0,250,Switch,207
157445,8,1.0,246,Switch,204
157481,3,1.0,250,Switch,202
157487,5,1.0,244,Switch,201
157589,7,1.0,248,Switch,206
157643,8,1.0,248,Switch,204
157649,4,1.0,250,Switch,205
157691,6,1.0,244,Switch,206
157721,5,1.0,250,Switch,204
157757,7,1.0,244,Switch,207
157811,6,1.0,250,Switch,206
157823,8,1.0,244,Switch,208
157937,7,1.0,250,Switch,203
158021,8,1.0,250,Switch,208
158975,1,1.0,252,Switch,205
159035,2,1.0,252,Switch,201
159311,3,1.0,252,Switch,206
159329,4,1.0,252,Switch,207
159455,1,1.0,254,Switch,201
159503,2,1.0,254,Switch,202
159527,5,1.0,252,Switch,203
159599,6,1.0,252,Switch,208
159623,7,1.0,252,Switch,204
159653,3,1.0,254,Switch,208
159707,1,1.0,251,Switch,201
159713,4,1.0,254,Switch,207
159767,2,1.0,251,Switch,207
159851,3,1.0,251,Switch,204
159875,5,1.0,254,Switch,204
159905,6,1.0,254,Switch,205
159911,8,1.0,252,Switch,202
159983,1,0.0,253,Switch,207
160121,2,0.0,253,Switch,202
160175,4,1.0,251,Switch,202
160181,7,1.0,254,Switch,206
160217,5,1.0,251,Switch,208
160223,3,1.0,253,Switch,208
160271,8,1.0,254,Switch,203
160337,4,1.0,253,Switch,204
160403,6,1.0,251,Switch,205
160637,7,1.0,251,Switch,203
160643,5,1.0,253,Switch,205
160667,6,1.0,253,Switch,201
160697,8,1.0,251,Switch,206
160703,7,1.0,253,Switch,206
160775,8,1.0,253,Switch,203
161213,1,1.0,255,Switch,201
161267,2,1.0,255,Switch,203
161285,3,1.0,255,Switch,202
161303,4,1.0,255,Switch,208
161309,5,1.0,255,Switch,206
161681,6,1.0,255,Switch,205
161861,7,1.0,255,Switch,204
161867,1,1.0,256,Switch,202
162119,2,1.0,256,Switch,205
162149,8,1.0,255,Switch,207
162167,3,1.0,256,Switch,203
162197,4,1.0,256,Switch,206
162365,5,1.0,256,Switch,204
162449,6,1.0,256,Switch,208
162503,1,0.0,258,Switch,202
162593,7,1.0,256,Switch,207
162599,2,1.0,258,Switch,204
162629,8,1.0,256,Switch,201
162635,3,0.0,258,Switch,208
162767,1,1.0,257,Switch,208
162803,2,1.0,257,Switch,204
162827,4,1.0,258,Switch,201
162839,5,1.0,258,Switch,206
162905,6,0.0,258,Switch,207
162947,3,1.0,257,Switch,205
162959,7,0.0,258,Switch,205
163007,4,1.0,257,Switch,203
163043,5,1.0,257,Switch,201
163061,8,1.0,258,Switch,203
163181,6,1.0,257,Switch,207
163301,7,1.0,257,Switch,202
163313,8,1.0,257,Switch,206
163889,1,1.0,260,Switch,208
163895,2,1.0,260,Switch,202
163937,3,0.0,260,Switch,205
163997,4,0.0,260,Switch,201
164015,5,1.0,260,Switch,206
164027,6,1.0,260,Switch,207
164063,7,1.0,260,Switch,203
164081,8,1.0,260,Switch,204
171953,1,1.0,265,Switch,208
172283,2,1.0,265,Switch,203
172625,3,1.0,265,Switch,201
173177,1,1.0,267,Switch,204
174047,1,1.0,274,Switch,201
174083,4,1.0,265,Switch,204
174467,5,1.0,265,Switch,205
174725,2,1.0,274,Switch,208
174809,1,1.0,276,Switch,207
175169,2,1.0,276,Switch,203
175505,3,1.0,274,Switch,202
175535,2,1.0,267,Switch,205
175631,6,1.0,265,Switch,206
176081,3,1.0,267,Switch,201
176663,4,1.0,274,Switch,204
176699,7,1.0,265,Switch,202
176783,3,1.0,276,Switch,201
177143,4,1.0,276,Switch,208
177437,1,1.0,264,Switch,205
177731,5,1.0,274,Switch,205
178163,4,1.0,267,Switch,207
178283,5,1.0,276,Switch,204
178325,1,1.0,279,Switch,208
178355,2,1.0,264,Switch,204
178553,5,1.0,267,Switch,202
178715,8,1.0,265,Switch,207
178829,1,1.0,273,Switch,208
178853,1,1.0,281,Switch,207
178919,6,1.0,267,Switch,206
178937,6,1.0,276,Switch,206
178949,3,1.0,264,Switch,208
179285,7,1.0,267,Switch,203
179471,2,1.0,281,Switch,201
179603,4,1.0,264,Switch,206
179777,1,1.0,275,Switch,208
179969,8,1.0,267,Switch,208
179975,2,1.0,279,Switch,204
180285,1,1.0,283,Switch,206
180317,6,1.0,274,Switch,206
180323,2,1.0,273,Switch,207
180365,2,1.0,275,Switch,206
180419,1,1.0,277,Switch,203
180539,3,1.0,275,Switch,207
180707,2,1.0,283,Switch,204
180719,7,1.0,276,Switch,202
180743,7,1.0,274,Switch,203
180767,3,1.0,281,Switch,202
180827,8,1.0,276,Switch,205
180845,1,1.0,286,Switch,205
180863,8,1.0,274,Switch,207
181013,2,1.0,286,Switch,202
181067,4,1.0,275,Switch,204
181175,4,1.0,281,Switch,204
181181,3,1.0,286,Switch,208
181337,2,1.0,277,Switch,204
181367,3,1.0,279,Switch,207
181697,3,1.0,277,Switch,205
181715,4,1.0,279,Switch,206
181757,1,1.0,290,Switch,202
181787,3,1.0,273,Switch,206
182003,3,1.0,283,Switch,203
182237,5,0.0,264,Switch,207
182267,2,1.0,290,Switch,203
182375,1,1.0,278,Switch,201
182543,1,1.0,269,Switch,204
182645,1,1.0,284,Switch,203
182693,4,1.0,273,Switch,201
182783,3,1.0,290,Switch,201
182837,1,1.0,285,Switch,208
182891,6,0.0,264,Switch,202
182909,5,1.0,281,Switch,206
182951,5,1.0,275,Switch,205
182975,4,1.0,277,Switch,201
182981,2,1.0,278,Switch,204
183065,5,1.0,273,Switch,203
183137,5,1.0,277,Switch,207
183281,6,1.0,275,Switch,202
183317,2,1.0,284,Switch,201
183341,5,1.0,279,Switch,205
183449,7,1.0,275,Switch,201
183503,4,1.0,286,Switch,201
183515,6,0.0,277,Switch,202
183551,4,1.0,283,Switch,201
183569,6,1.0,273,Switch,204
183599,6,1.0,279,Switch,201
183743,7,1.0,279,Switch,202
183803,1,1.0,294,Switch,202
183857,1,1.0,288,Switch,201
183863,6,1.0,281,Switch,208
183923,2,1.0,294,Switch,205
184007,7,1.0,277,Switch,206
184085,7,1.0,273,Switch,202
184133,2,1.0,285,Switch,203
184181,3,1.0,278,Switch,202
184241,8,1.0,275,Switch,203
184445,5,1.0,283,Switch,202
184481,4,1.0,290,Switch,204
184571,8,1.0,279,Switch,203
184703,5,1.0,290,Switch,208
184721,4,1.0,278,Switch,203
184799,8,1.0,273,Switch,205
184877,6,1.0,283,Switch,208
185009,5,1.0,286,Switch,204
185141,6,1.0,286,Switch,206
185147,7,1.0,283,Switch,207
185153,3,1.0,294,Switch,206
185159,7,1.0,281,Switch,203
185183,1,1.0,299,Switch,205
185213,2,1.0,288,Switch,204
185237,1,1.0,291,Switch,205
185243,5,1.0,278,Switch,205
185261,7,1.0,286,Switch,203
185309,4,1.0,294,Switch,201
185363,8,1.0,283,Switch,205
185483,3,0.0,288,Switch,208
185495,8,1.0,277,Switch,208
185729,6,1.0,290,Switch,206
185795,8,1.0,281,Switch,205
185849,3,1.0,285,Switch,205
185861,6,1.0,278,Switch,208
185993,8,1.0,286,Switch,207
185999,4,1.0,285,Switch,206
186125,3,1.0,284,Switch,204
186137,7,1.0,278,Switch,207
186149,5,1.0,285,Switch,204
186203,2,1.0,291,Switch,207
186287,4,1.0,288,Switch,205
186293,7,1.0,290,Switch,205
186671,2,1.0,299,Switch,208
186725,3,1.0,291,Switch,208
186797,5,1.0,294,Switch,207
186809,6,1.0,285,Switch,201
186941,7,1.0,264,Switch,201
186971,2,1.0,269,Switch,208
186977,3,1.0,299,Switch,207
187139,8,1.0,278,Switch,206
187331,4,1.0,291,Switch,204
187421,7,1.0,285,Switch,207
187469,8,1.0,264,Switch,203
187487,6,1.0,294,Switch,208
187505,5,1.0,288,Switch,202
187529,8,1.0,290,Switch,207
187571,8,1.0,285,Switch,202
187589,3,1.0,269,Switch,206
187769,4,1.0,299,Switch,202
187859,6,0.0,288,Switch,206
187907,7,1.0,294,Switch,204
187997,8,1.0,294,Switch,203
188075,5,1.0,291,Switch,206
188081,4,1.0,269,Switch,202
188183,5,1.0,299,Switch,203
188189,1,1.0,303,Switch,208
188285,2,1.0,303,Switch,201
188309,4,1.0,284,Switch,205
188339,5,1.0,269,Switch,207
188483,6,1.0,291,Switch,201
188501,6,1.0,269,Switch,205
188513,7,1.0,288,Switch,207
188555,5,1.0,284,Switch,202
188711,3,1.0,303,Switch,204
188747,8,1.0,288,Switch,203
188969,6,1.0,299,Switch,201
189011,7,1.0,269,Switch,201
189137,7,1.0,291,Switch,203
189215,1,1.0,297,Switch,203
189233,6,1.0,284,Switch,206
189275,7,1.0,299,Switch,206
189347,8,1.0,299,Switch,204
189359,8,1.0,269,Switch,203
189401,7,1.0,284,Switch,207
189449,2,1.0,297,Switch,204
189533,8,1.0,291,Switch,202
189569,4,1.0,303,Switch,207
189671,8,1.0,284,Switch,208
189887,5,1.0,303,Switch,202
190043,6,1.0,303,Switch,203
190091,7,1.0,303,Switch,206
190337,3,1.0,297,Switch,202
190385,8,1.0,303,Switch,205
190403,4,1.0,297,Switch,208
191177,5,1.0,297,Switch,207
191441,6,1.0,297,Switch,206
191531,7,1.0,297,Switch,205
191561,1,1.0,287,Switch,205
191615,8,1.0,297,Switch,201
191873,2,1.0,287,Switch,204
191975,1,1.0,307,Switch,204
191987,1,1.0,305,Switch,202
192107,1,1.0,306,Switch,202
192155,2,1.0,307,Switch,202
192191,2,1.0,305,Switch,201
192419,3,1.0,307,Switch,207
192467,3,1.0,305,Switch,208
192635,4,1.0,305,Switch,206
192779,2,1.0,306,Switch,207
192857,3,1.0,287,Switch,208
192971,4,1.0,307,Switch,205
193157,5,1.0,307,Switch,201
193385,6,1.0,307,Switch,203
193511,3,1.0,306,Switch,201
193589,1,1.0,308,Switch,208
193601,4,1.0,287,Switch,201
193649,7,1.0,307,Switch,208
193703,5,1.0,305,Switch,205
193811,4,1.0,306,Switch,203
193859,6,1.0,305,Switch,204
193907,5,1.0,287,Switch,203
194099,5,1.0,306,Switch,206
194123,6,1.0,287,Switch,207
194153,8,1.0,307,Switch,206
194171,6,1.0,306,Switch,204
194219,7,1.0,287,Switch,202
194321,7,1.0,305,Switch,203
194363,8,1.0,287,Switch,206
194501,2,1.0,308,Switch,205
194567,8,1.0,305,Switch,207
194585,7,1.0,306,Switch,208
194795,8,1.0,306,Switch,205
194807,1,1.0,312,Switch,206
194879,1,1.0,311,Switch,208
195017,2,1.0,311,Switch,205
195089,3,0.0,311,Switch,202
195101,2,1.0,312,Switch,204
195239,3,1.0,312,Switch,201
195275,4,1.0,312,Switch,202
195395,3,1.0,308,Switch,207
195401,5,1.0,312,Switch,205
195503,4,1.0,308,Switch,201
195563,4,0.0,311,Switch,204
195707,5,1.0,308,Switch,202
195719,6,0.0,312,Switch,208
195767,6,1.0,308,Switch,206
195851,5,1.0,311,Switch,207
196067,7,1.0,312,Switch,203
196097,8,1.0,312,Switch,207
196379,6,1.0,311,Switch,206
196427,7,1.0,311,Switch,203
196511,8,1.0,311,Switch,201
196787,1,1.0,309,Switch,204
196853,2,1.0,309,Switch,202
197543,1,1.0,317,Switch,208
197645,3,1.0,309,Switch,207
197699,2,1.0,317,Switch,205
197705,4,1.0,309,Switch,208
197927,5,0.0,309,Switch,201
198161,3,1.0,317,Switch,203
198221,4,1.0,317,Switch,201
198263,7,1.0,308,Switch,203
198281,5,1.0,317,Switch,202
198335,6,1.0,317,Switch,204
198509,8,1.0,308,Switch,204
198605,7,1.0,317,Switch,207
198665,6,1.0,309,Switch,203
198917,1,1.0,318,Switch,202
198995,2,1.0,318,Switch,207
199079,8,1.0,317,Switch,206
199109,7,1.0,309,Switch,206
199313,8,1.0,309,Switch,205
199337,3,1.0,318,Switch,203
199385,4,1.0,318,Switch,204
199421,5,1.0,318,Switch,205
199481,1,1.0,319,Switch,205
199577,6,1.0,318,Switch,206
199583,2,1.0,319,Switch,206
199631,7,1.0,318,Switch,208
199691,3,1.0,319,Switch,204
199763,4,1.0,319,Switch,207
199949,1,1.0,315,Switch,207
199997,8,1.0,318,Switch,201
200189,2,1.0,315,Switch,208
200255,1,0.0,320,Switch,203
200291,3,1.0,315,Switch,204
200345,2,1.0,320,Switch,208
200381,3,1.0,320,Switch,206
200567,4,1.0,320,Switch,202
200675,5,1.0,319,Switch,208
200687,5,1.0,320,Switch,207
200747,6,1.0,319,Switch,201
200825,1,1.0,321,Switch,205
200843,6,1.0,320,Switch,201
200933,2,1.0,321,Switch,208
201083,7,0.0,319,Switch,202
201197,8,1.0,319,Switch,203
201233,3,1.0,321,Switch,201
201251,1,1.0,316,Switch,205
201389,7,1.0,320,Switch,204
201455,2,1.0,316,Switch,207
201467,4,1.0,321,Switch,203
201473,4,1.0,315,Switch,203
201581,5,1.0,315,Switch,202
201593,5,1.0,321,Switch,202
201599,8,1.0,320,Switch,205
201767,3,1.0,316,Switch,206
201797,6,1.0,321,Switch,207
201827,6,1.0,315,Switch,205
201917,7,1.0,321,Switch,204
202019,8,1.0,321,Switch,206
202097,7,1.0,315,Switch,201
202235,8,1.0,315,Switch,206
202535,4,1.0,316,Switch,203
203033,5,1.0,316,Switch,204
203111,6,1.0,316,Switch,202
203465,1,1.0,323,Switch,205
203843,2,1.0,323,Switch,207
204041,3,1.0,323,Switch,201
204077,4,1.0,323,Switch,208
204119,5,1.0,323,Switch,203
204173,6,1.0,323,Switch,204
204185,7,1.0,316,Switch,208
204383,8,1.0,316,Switch,201
205175,7,1.0,323,Switch,206
205367,8,1.0,323,Switch,202
206045,1,1.0,327,Switch,206
206159,2,1.0,327,Switch,207
206255,1,1.0,332,Switch,205
206369,2,1.0,332,Switch,202
206561,3,1.0,332,Switch,207
206627,1,1.0,324,Switch,208
206675,2,1.0,324,Switch,203
206831,4,1.0,332,Switch,201
206867,3,1.0,327,Switch,204
206897,5,0.0,332,Switch,203
206915,4,1.0,327,Switch,203
207179,3,1.0,324,Switch,204
207197,6,1.0,332,Switch,206
207287,7,1.0,332,Switch,204
207311,1,1.0,333,Switch,207
207323,8,1.0,332,Switch,208
207431,1,1.0,330,Switch,208
207437,5,1.0,327,Switch,201
207485,4,1.0,324,Switch,202
207533,2,1.0,333,Switch,201
207749,2,1.0,330,Switch,207
207773,6,1.0,327,Switch,208
207779,3,1.0,333,Switch,204
207803,5,1.0,324,Switch,201
207887,3,1.0,330,Switch,202
207935,4,1.0,333,Switch,203
207959,1,1.0,331,Switch,208
207989,4,1.0,330,Switch,201
207995,7,1.0,327,Switch,202
208019,6,1.0,324,Switch,206
208043,2,1.0,331,Switch,202
208091,8,1.0,327,Switch,205
208103,5,1.0,330,Switch,203
208115,7,1.0,324,Switch,207
208193,6,1.0,330,Switch,206
208247,8,1.0,324,Switch,205
208301,3,1.0,331,Switch,206
208337,4,1.0,331,Switch,204
208403,5,1.0,333,Switch,208
208427,5,1.0,331,Switch,203
208439,6,1.0,333,Switch,206
208529,7,1.0,330,Switch,205
208535,7,1.0,333,Switch,205
208547,8,1.0,330,Switch,204
208637,8,1.0,333,Switch,202
209261,1,1.0,334,Switch,204
209747,2,1.0,334,Switch,206
209999,3,1.0,334,Switch,205
210077,4,1.0,334,Switch,203
210365,5,1.0,334,Switch,207
210941,6,1.0,334,Switch,201
211145,6,1.0,331,Switch,205
211511,7,1.0,334,Switch,202
211679,7,1.0,331,Switch,207
211733,8,1.0,331,Switch,201
211769,8,0.0,334,Switch,208
211865,1,1.0,336,Switch,203
212069,2,1.0,336,Switch,205
212099,3,1.0,336,Switch,204
212237,1,0.0,340,Switch,205
212249,4,1.0,336,Switch,201
212321,5,1.0,336,Switch,202
212423,2,1.0,340,Switch,201
212591,3,1.0,340,Switch,203
212627,4,1.0,340,Switch,207
212633,1,1.0,337,Switch,203
212651,6,1.0,336,Switch,207
212681,2,1.0,337,Switch,207
212693,7,1.0,336,Switch,206
212795,5,1.0,340,Switch,204
212855,1,1.0,339,Switch,208
212873,8,0.0,336,Switch,208
213023,1,1.0,342,Switch,202
213065,2,1.0,342,Switch,207
213125,2,1.0,339,Switch,205
213209,3,1.0,337,Switch,201
213245,4,1.0,337,Switch,202
213371,3,1.0,339,Switch,202
213383,5,1.0,337,Switch,205
213413,6,1.0,337,Switch,204
213485,4,1.0,339,Switch,204
213503,6,1.0,340,Switch,208
213563,1,1.0,341,Switch,203
213569,7,1.0,340,Switch,202
213581,3,1.0,342,Switch,204
213647,8,1.0,340,Switch,206
213725,4,1.0,342,Switch,203
213731,5,1.0,339,Switch,201
213737,2,1.0,341,Switch,205
213743,5,1.0,342,Switch,201
213767,3,1.0,341,Switch,208
213797,6,1.0,342,Switch,208
213809,6,1.0,339,Switch,206
213815,7,1.0,342,Switch,205
213845,7,0.0,339,Switch,207
213857,4,1.0,341,Switch,201
213899,8,1.0,339,Switch,203
213923,5,0.0,341,Switch,204
213941,7,0.0,337,Switch,208
213947,8,1.0,342,Switch,206
214067,6,1.0,341,Switch,206
214079,7,1.0,341,Switch,207
214097,8,1.0,341,Switch,202
214115,8,0.0,337,Switch,206
214229,1,1.0,335,Switch,205
214253,2,1.0,335,Switch,203
214277,3,1.0,335,Switch,208
214283,4,1.0,335,Switch,207
214295,5,1.0,335,Switch,204
214319,6,1.0,335,Switch,202
214349,7,1.0,335,Switch,206
214385,8,1.0,335,Switch,201
214883,1,1.0,343,Switch,203
214907,2,1.0,343,Switch,207
214937,3,1.0,343,Switch,201
215105,4,1.0,343,Switch,206
215159,5,0.0,343,Switch,202
215327,6,1.0,343,Switch,204
215399,7,1.0,343,Switch,205
215441,8,1.0,343,Switch,208
215507,1,1.0,344,Switch,202
215573,2,1.0,344,Switch,207
215633,3,1.0,344,Switch,205
215639,4,1.0,344,Switch,201
215723,5,1.0,344,Switch,203
215777,6,1.0,344,Switch,206
215957,7,0.0,344,Switch,208
215975,8,1.0,344,Switch,204
216521,1,1.0,346,Switch,206
216605,2,1.0,346,Switch,208
216695,3,1.0,346,Switch,201
216713,4,1.0,346,Switch,205
216737,5,1.0,346,Switch,203
216749,6,1.0,346,Switch,204
216845,7,1.0,346,Switch,202
216887,8,1.0,346,Switch,207
217211,1,1.0,347,Switch,203
217229,2,1.0,347,Switch,208
217271,3,1.0,347,Switch,202
217307,4,1.0,347,Switch,204
217325,5,1.0,347,Switch,205
217391,6,1.0,347,Switch,206
217421,7,1.0,347,Switch,207
217427,8,1.0,347,Switch,201
218237,1,1.0,348,Switch,204
218261,2,1.0,348,Switch,206
218303,3,1.0,348,Switch,207
218387,4,1.0,348,Switch,201
218477,5,1.0,348,Switch,202
218741,6,1.0,348,Switch,205
218765,1,1.0,350,Switch,203
218807,2,0.0,350,Switch,208
218861,7,1.0,348,Switch,203
218867,3,1.0,350,Switch,207
218885,8,1.0,348,Switch,208
218969,4,1.0,350,Switch,201
219029,1,1.0,349,Switch,206
219053,5,1.0,350,Switch,205
219083,6,1.0,350,Switch,206
219149,2,1.0,349,Switch,202
219161,7,1.0,350,Switch,202
219185,8,1.0,350,Switch,204
219197,3,1.0,349,Switch,201
219215,4,1.0,349,Switch,207
219239,5,1.0,349,Switch,205
219263,6,1.0,349,Switch,204
219341,7,1.0,349,Switch,208
219443,8,1.0,349,Switch,203
220607,1,0.0,351,Switch,201
220661,1,1.0,352,Switch,208
220673,2,1.0,351,Switch,203
220721,3,1.0,351,Switch,206
220853,2,1.0,352,Switch,207
220907,4,1.0,351,Switch,208
220997,3,1.0,352,Switch,205
221039,5,1.0,351,Switch,207
221117,6,1.0,351,Switch,204
221135,4,1.0,352,Switch,202
221303,5,1.0,352,Switch,204
221519,7,1.0,351,Switch,202
221525,1,1.0,353,Switch,201
221591,2,1.0,353,Switch,202
221609,6,1.0,352,Switch,206
221639,8,1.0,351,Switch,205
221771,7,1.0,352,Switch,203
221849,8,1.0,352,Switch,201
221921,1,1.0,354,Switch,206
221969,2,1.0,354,Switch,208
221993,3,1.0,354,Switch,203
222011,4,1.0,354,Switch,201
222017,3,1.0,353,Switch,208
222137,4,1.0,353,Switch,204
222185,5,1.0,354,Switch,207
222197,5,1.0,353,Switch,203
222209,6,1.0,354,Switch,205
222215,6,1.0,353,Switch,207
222251,7,1.0,353,Switch,206
222305,8,1.0,353,Switch,205
222323,7,1.0,354,Switch,204
222341,8,1.0,354,Switch,202
222521,1,1.0,355,Switch,207
222575,2,1.0,355,Switch,203
222599,3,1.0,355,Switch,206
222623,4,0.0,355,Switch,204
222695,5,1.0,355,Switch,205
222725,6,1.0,355,Switch,201
222737,7,1.0,355,Switch,208
222791,8,1.0,355,Switch,202
223127,1,1.0,356,Switch,201
223163,2,1.0,356,Switch,202
223187,3,1.0,356,Switch,206
223217,4,1.0,356,Switch,208
223313,5,1.0,356,Switch,204
223343,6,1.0,356,Switch,203
223349,7,1.0,356,Switch,207
223355,8,1.0,356,Switch,205
224495,1,1.0,358,Switch,202
224537,2,1.0,358,Switch,207
224597,3,1.0,358,Switch,203
224603,4,1.0,358,Switch,201
224609,5,1.0,358,Switch,204
224651,6,1.0,358,Switch,208
224687,7,1.0,358,Switch,205
224693,8,1.0,358,Switch,206
225461,1,1.0,360,Switch,202
225479,2,1.0,360,Switch,208
225527,3,1.0,360,Switch,203
225539,4,1.0,360,Switch,206
225557,5,1.0,360,Switch,204
225575,6,1.0,360,Switch,207
225581,1,1.0,359,Switch,204
225593,7,1.0,360,Switch,201
225605,2,1.0,359,Switch,208
225629,3,1.0,359,Switch,206
225659,8,1.0,360,Switch,205
225695,4,1.0,359,Switch,205
225707,5,1.0,359,Switch,203
225737,6,1.0,359,Switch,202
225881,7,1.0,359,Switch,201
225911,8,1.0,359,Switch,207
226421,1,1.0,361,Switch,205
226517,2,1.0,361,Switch,204
226529,3,1.0,361,Switch,208
226559,4,1.0,361,Switch,203
226565,5,1.0,361,Switch,202
226583,6,1.0,361,Switch,206
226619,7,1.0,361,Switch,207
226667,8,1.0,361,Switch,201
228119,1,1.0,364,Switch,203
228149,2,1.0,364,Switch,205
228167,3,1.0,364,Switch,204
228191,4,1.0,364,Switch,208
228215,5,1.0,364,Switch,206
228239,6,1.0,364,Switch,201
228263,7,0.0,364,Switch,207
228287,8,1.0,364,Switch,202
228431,1,1.0,363,Switch,201
228437,2,1.0,363,Switch,205
228473,3,1.0,363,Switch,203
228509,4,1.0,363,Switch,208
228521,5,1.0,363,Switch,202
228551,6,1.0,363,Switch,204
228563,7,1.0,363,Switch,206
228575,8,1.0,363,Switch,207
