,user_id,grid_num,score_dif,time_constraint,in_distrib,time_x_distrib,push,time_x_push
0,2,104,-1,-0.5,-0.5,0.25,0.5,-0.25
1,2,103,-1,-0.5,-0.5,0.25,0.5,-0.25
2,2,201,0,-0.5,-0.5,0.25,-0.5,0.25
3,2,205,0,-0.5,-0.5,0.25,-0.5,0.25
4,2,105,-1,-0.5,-0.5,0.25,0.5,-0.25
5,2,208,0,-0.5,-0.5,0.25,-0.5,0.25
6,2,108,-1,-0.5,-0.5,0.25,0.5,-0.25
7,2,202,0,-0.5,-0.5,0.25,-0.5,0.25
8,2,203,0,-0.5,-0.5,0.25,-0.5,0.25
9,2,206,0,-0.5,-0.5,0.25,-0.5,0.25
10,2,101,-1,-0.5,-0.5,0.25,0.5,-0.25
11,2,106,0,-0.5,-0.5,0.25,0.5,-0.25
12,2,107,0,-0.5,-0.5,0.25,0.5,-0.25
13,2,204,0,-0.5,-0.5,0.25,-0.5,0.25
14,2,207,0,-0.5,-0.5,0.25,-0.5,0.25
15,2,102,-1,-0.5,-0.5,0.25,0.5,-0.25
16,3,101,-1,-0.5,-0.5,0.25,0.5,-0.25
17,3,204,0,-0.5,-0.5,0.25,-0.5,0.25
18,3,202,-1,-0.5,-0.5,0.25,-0.5,0.25
19,3,205,0,-0.5,-0.5,0.25,-0.5,0.25
20,3,201,0,-0.5,-0.5,0.25,-0.5,0.25
21,3,105,-1,-0.5,-0.5,0.25,0.5,-0.25
22,3,103,-1,-0.5,-0.5,0.25,0.5,-0.25
23,3,206,0,-0.5,-0.5,0.25,-0.5,0.25
24,3,208,-1,-0.5,-0.5,0.25,-0.5,0.25
25,3,207,0,-0.5,-0.5,0.25,-0.5,0.25
26,3,203,-1,-0.5,-0.5,0.25,-0.5,0.25
27,3,107,-1,-0.5,-0.5,0.25,0.5,-0.25
28,3,106,-1,-0.5,-0.5,0.25,0.5,-0.25
29,5,206,0,-0.5,-0.5,0.25,-0.5,0.25
30,5,103,-1,-0.5,-0.5,0.25,0.5,-0.25
31,5,204,0,-0.5,-0.5,0.25,-0.5,0.25
32,5,208,0,-0.5,-0.5,0.25,-0.5,0.25
33,5,202,0,-0.5,-0.5,0.25,-0.5,0.25
34,5,107,-1,-0.5,-0.5,0.25,0.5,-0.25
35,5,101,-1,-0.5,-0.5,0.25,0.5,-0.25
36,5,205,0,-0.5,-0.5,0.25,-0.5,0.25
37,6,204,0,-0.5,-0.5,0.25,-0.5,0.25
38,5,106,-1,-0.5,-0.5,0.25,0.5,-0.25
39,4,202,-1,-0.5,-0.5,0.25,-0.5,0.25
40,4,203,-1,-0.5,-0.5,0.25,-0.5,0.25
41,5,104,-1,-0.5,-0.5,0.25,0.5,-0.25
42,6,105,0,-0.5,-0.5,0.25,0.5,-0.25
43,6,202,0,-0.5,-0.5,0.25,-0.5,0.25
44,5,102,-1,-0.5,-0.5,0.25,0.5,-0.25
45,5,207,0,-0.5,-0.5,0.25,-0.5,0.25
46,5,108,-1,-0.5,-0.5,0.25,0.5,-0.25
47,6,101,0,-0.5,-0.5,0.25,0.5,-0.25
48,5,201,-1,-0.5,-0.5,0.25,-0.5,0.25
49,4,205,0,-0.5,-0.5,0.25,-0.5,0.25
50,6,207,0,-0.5,-0.5,0.25,-0.5,0.25
51,6,104,0,-0.5,-0.5,0.25,0.5,-0.25
52,4,108,-1,-0.5,-0.5,0.25,0.5,-0.25
53,6,205,0,-0.5,-0.5,0.25,-0.5,0.25
54,4,103,-1,-0.5,-0.5,0.25,0.5,-0.25
55,4,101,-1,-0.5,-0.5,0.25,0.5,-0.25
56,6,108,-1,-0.5,-0.5,0.25,0.5,-0.25
57,6,107,0,-0.5,-0.5,0.25,0.5,-0.25
58,6,208,0,-0.5,-0.5,0.25,-0.5,0.25
59,6,106,0,-0.5,-0.5,0.25,0.5,-0.25
60,6,203,0,-0.5,-0.5,0.25,-0.5,0.25
61,6,206,0,-0.5,-0.5,0.25,-0.5,0.25
62,6,103,0,-0.5,-0.5,0.25,0.5,-0.25
63,6,102,-1,-0.5,-0.5,0.25,0.5,-0.25
64,4,102,-1,-0.5,-0.5,0.25,0.5,-0.25
65,6,201,0,-0.5,-0.5,0.25,-0.5,0.25
66,4,208,0,-0.5,-0.5,0.25,-0.5,0.25
67,4,107,-1,-0.5,-0.5,0.25,0.5,-0.25
68,4,207,0,-0.5,-0.5,0.25,-0.5,0.25
69,4,104,-1,-0.5,-0.5,0.25,0.5,-0.25
70,4,204,0,-0.5,-0.5,0.25,-0.5,0.25
71,4,206,0,-0.5,-0.5,0.25,-0.5,0.25
72,4,105,0,-0.5,-0.5,0.25,0.5,-0.25
73,4,201,0,-0.5,-0.5,0.25,-0.5,0.25
74,4,106,-1,-0.5,-0.5,0.25,0.5,-0.25
75,9,108,-1,-0.5,-0.5,0.25,0.5,-0.25
76,9,201,0,-0.5,-0.5,0.25,-0.5,0.25
77,9,205,0,-0.5,-0.5,0.25,-0.5,0.25
78,9,206,0,-0.5,-0.5,0.25,-0.5,0.25
79,9,102,-1,-0.5,-0.5,0.25,0.5,-0.25
80,9,203,0,-0.5,-0.5,0.25,-0.5,0.25
81,9,104,0,-0.5,-0.5,0.25,0.5,-0.25
82,9,101,0,-0.5,-0.5,0.25,0.5,-0.25
83,9,106,0,-0.5,-0.5,0.25,0.5,-0.25
84,9,204,0,-0.5,-0.5,0.25,-0.5,0.25
85,9,103,0,-0.5,-0.5,0.25,0.5,-0.25
86,9,107,0,-0.5,-0.5,0.25,0.5,-0.25
87,9,105,0,-0.5,-0.5,0.25,0.5,-0.25
88,9,208,0,-0.5,-0.5,0.25,-0.5,0.25
89,9,202,0,-0.5,-0.5,0.25,-0.5,0.25
90,9,207,0,-0.5,-0.5,0.25,-0.5,0.25
91,10,108,-1,-0.5,-0.5,0.25,0.5,-0.25
92,10,206,0,-0.5,-0.5,0.25,-0.5,0.25
93,10,106,-1,-0.5,-0.5,0.25,0.5,-0.25
94,10,202,-1,-0.5,-0.5,0.25,-0.5,0.25
95,10,107,-1,-0.5,-0.5,0.25,0.5,-0.25
96,10,205,0,-0.5,-0.5,0.25,-0.5,0.25
97,10,101,-1,-0.5,-0.5,0.25,0.5,-0.25
98,10,207,-1,-0.5,-0.5,0.25,-0.5,0.25
99,10,208,0,-0.5,-0.5,0.25,-0.5,0.25
100,10,103,-1,-0.5,-0.5,0.25,0.5,-0.25
101,10,203,0,-0.5,-0.5,0.25,-0.5,0.25
102,10,204,0,-0.5,-0.5,0.25,-0.5,0.25
103,10,104,-1,-0.5,-0.5,0.25,0.5,-0.25
104,10,201,0,-0.5,-0.5,0.25,-0.5,0.25
105,10,102,-1,-0.5,-0.5,0.25,0.5,-0.25
106,11,203,0,-0.5,-0.5,0.25,-0.5,0.25
107,11,104,-1,-0.5,-0.5,0.25,0.5,-0.25
108,11,206,0,-0.5,-0.5,0.25,-0.5,0.25
109,11,107,-1,-0.5,-0.5,0.25,0.5,-0.25
110,11,204,0,-0.5,-0.5,0.25,-0.5,0.25
111,11,205,0,-0.5,-0.5,0.25,-0.5,0.25
112,11,105,-1,-0.5,-0.5,0.25,0.5,-0.25
113,11,106,0,-0.5,-0.5,0.25,0.5,-0.25
114,11,103,0,-0.5,-0.5,0.25,0.5,-0.25
115,11,202,0,-0.5,-0.5,0.25,-0.5,0.25
116,11,108,0,-0.5,-0.5,0.25,0.5,-0.25
117,11,207,0,-0.5,-0.5,0.25,-0.5,0.25
118,11,208,0,-0.5,-0.5,0.25,-0.5,0.25
119,11,201,0,-0.5,-0.5,0.25,-0.5,0.25
120,11,101,0,-0.5,-0.5,0.25,0.5,-0.25
121,13,104,-1,-0.5,-0.5,0.25,0.5,-0.25
122,13,208,0,-0.5,-0.5,0.25,-0.5,0.25
123,13,205,0,-0.5,-0.5,0.25,-0.5,0.25
124,13,107,-1,-0.5,-0.5,0.25,0.5,-0.25
125,13,203,0,-0.5,-0.5,0.25,-0.5,0.25
126,13,207,0,-0.5,-0.5,0.25,-0.5,0.25
127,13,103,-1,-0.5,-0.5,0.25,0.5,-0.25
128,13,202,0,-0.5,-0.5,0.25,-0.5,0.25
129,13,201,0,-0.5,-0.5,0.25,-0.5,0.25
130,13,108,-1,-0.5,-0.5,0.25,0.5,-0.25
131,13,106,-1,-0.5,-0.5,0.25,0.5,-0.25
132,13,102,-1,-0.5,-0.5,0.25,0.5,-0.25
133,13,206,0,-0.5,-0.5,0.25,-0.5,0.25
134,13,105,0,-0.5,-0.5,0.25,0.5,-0.25
135,13,101,-1,-0.5,-0.5,0.25,0.5,-0.25
136,17,206,0,-0.5,-0.5,0.25,-0.5,0.25
137,17,207,0,-0.5,-0.5,0.25,-0.5,0.25
138,17,104,0,-0.5,-0.5,0.25,0.5,-0.25
139,17,201,0,-0.5,-0.5,0.25,-0.5,0.25
140,17,107,-1,-0.5,-0.5,0.25,0.5,-0.25
141,17,101,0,-0.5,-0.5,0.25,0.5,-0.25
142,17,204,0,-0.5,-0.5,0.25,-0.5,0.25
143,17,108,0,-0.5,-0.5,0.25,0.5,-0.25
144,17,103,0,-0.5,-0.5,0.25,0.5,-0.25
145,17,106,0,-0.5,-0.5,0.25,0.5,-0.25
146,17,102,0,-0.5,-0.5,0.25,0.5,-0.25
147,17,208,0,-0.5,-0.5,0.25,-0.5,0.25
148,17,203,0,-0.5,-0.5,0.25,-0.5,0.25
149,17,202,0,-0.5,-0.5,0.25,-0.5,0.25
150,17,205,0,-0.5,-0.5,0.25,-0.5,0.25
151,18,205,-1,-0.5,-0.5,0.25,-0.5,0.25
152,18,101,-1,-0.5,-0.5,0.25,0.5,-0.25
153,18,202,0,-0.5,-0.5,0.25,-0.5,0.25
154,18,204,0,-0.5,-0.5,0.25,-0.5,0.25
155,18,107,0,-0.5,-0.5,0.25,0.5,-0.25
156,18,108,-1,-0.5,-0.5,0.25,0.5,-0.25
157,18,206,0,-0.5,-0.5,0.25,-0.5,0.25
158,18,208,-1,-0.5,-0.5,0.25,-0.5,0.25
159,18,103,0,-0.5,-0.5,0.25,0.5,-0.25
160,18,102,0,-0.5,-0.5,0.25,0.5,-0.25
161,18,104,0,-0.5,-0.5,0.25,0.5,-0.25
162,18,201,0,-0.5,-0.5,0.25,-0.5,0.25
163,18,203,0,-0.5,-0.5,0.25,-0.5,0.25
164,18,106,0,-0.5,-0.5,0.25,0.5,-0.25
165,18,207,0,-0.5,-0.5,0.25,-0.5,0.25
166,21,206,0,-0.5,-0.5,0.25,-0.5,0.25
167,21,101,-1,-0.5,-0.5,0.25,0.5,-0.25
168,21,208,0,-0.5,-0.5,0.25,-0.5,0.25
169,21,107,-1,-0.5,-0.5,0.25,0.5,-0.25
170,21,108,-1,-0.5,-0.5,0.25,0.5,-0.25
171,21,201,0,-0.5,-0.5,0.25,-0.5,0.25
172,21,207,0,-0.5,-0.5,0.25,-0.5,0.25
173,21,102,-1,-0.5,-0.5,0.25,0.5,-0.25
174,21,103,-1,-0.5,-0.5,0.25,0.5,-0.25
175,21,204,0,-0.5,-0.5,0.25,-0.5,0.25
176,21,104,0,-0.5,-0.5,0.25,0.5,-0.25
177,21,203,0,-0.5,-0.5,0.25,-0.5,0.25
178,22,101,0,-0.5,-0.5,0.25,0.5,-0.25
179,21,202,0,-0.5,-0.5,0.25,-0.5,0.25
180,22,208,0,-0.5,-0.5,0.25,-0.5,0.25
181,21,205,0,-0.5,-0.5,0.25,-0.5,0.25
182,21,105,0,-0.5,-0.5,0.25,0.5,-0.25
183,22,204,0,-0.5,-0.5,0.25,-0.5,0.25
184,22,105,0,-0.5,-0.5,0.25,0.5,-0.25
185,22,202,0,-0.5,-0.5,0.25,-0.5,0.25
186,22,205,0,-0.5,-0.5,0.25,-0.5,0.25
187,22,201,0,-0.5,-0.5,0.25,-0.5,0.25
188,22,104,-1,-0.5,-0.5,0.25,0.5,-0.25
189,22,107,-1,-0.5,-0.5,0.25,0.5,-0.25
190,22,102,-1,-0.5,-0.5,0.25,0.5,-0.25
191,22,206,0,-0.5,-0.5,0.25,-0.5,0.25
192,22,103,-1,-0.5,-0.5,0.25,0.5,-0.25
193,22,108,-1,-0.5,-0.5,0.25,0.5,-0.25
194,22,207,-1,-0.5,-0.5,0.25,-0.5,0.25
195,24,208,-1,-0.5,-0.5,0.25,-0.5,0.25
196,24,102,-1,-0.5,-0.5,0.25,0.5,-0.25
197,24,205,0,-0.5,-0.5,0.25,-0.5,0.25
198,24,203,-1,-0.5,-0.5,0.25,-0.5,0.25
199,24,201,0,-0.5,-0.5,0.25,-0.5,0.25
200,24,204,0,-0.5,-0.5,0.25,-0.5,0.25
201,24,106,-1,-0.5,-0.5,0.25,0.5,-0.25
202,24,202,0,-0.5,-0.5,0.25,-0.5,0.25
203,24,103,-1,-0.5,-0.5,0.25,0.5,-0.25
204,24,206,0,-0.5,-0.5,0.25,-0.5,0.25
205,24,104,-1,-0.5,-0.5,0.25,0.5,-0.25
206,24,207,0,-0.5,-0.5,0.25,-0.5,0.25
207,24,108,-1,-0.5,-0.5,0.25,0.5,-0.25
208,24,105,-1,-0.5,-0.5,0.25,0.5,-0.25
209,24,101,-1,-0.5,-0.5,0.25,0.5,-0.25
210,28,101,-1,-0.5,-0.5,0.25,0.5,-0.25
211,28,104,0,-0.5,-0.5,0.25,0.5,-0.25
212,26,108,-1,-0.5,-0.5,0.25,0.5,-0.25
213,28,205,0,-0.5,-0.5,0.25,-0.5,0.25
214,26,201,0,-0.5,-0.5,0.25,-0.5,0.25
215,28,201,0,-0.5,-0.5,0.25,-0.5,0.25
216,26,203,0,-0.5,-0.5,0.25,-0.5,0.25
217,28,203,0,-0.5,-0.5,0.25,-0.5,0.25
218,28,207,0,-0.5,-0.5,0.25,-0.5,0.25
219,26,102,-1,-0.5,-0.5,0.25,0.5,-0.25
220,28,106,-1,-0.5,-0.5,0.25,0.5,-0.25
221,28,102,-1,-0.5,-0.5,0.25,0.5,-0.25
222,26,105,-1,-0.5,-0.5,0.25,0.5,-0.25
223,26,206,0,-0.5,-0.5,0.25,-0.5,0.25
224,28,108,0,-0.5,-0.5,0.25,0.5,-0.25
225,28,202,0,-0.5,-0.5,0.25,-0.5,0.25
226,26,207,0,-0.5,-0.5,0.25,-0.5,0.25
227,26,104,0,-0.5,-0.5,0.25,0.5,-0.25
228,28,204,0,-0.5,-0.5,0.25,-0.5,0.25
229,28,105,0,-0.5,-0.5,0.25,0.5,-0.25
230,28,206,0,-0.5,-0.5,0.25,-0.5,0.25
231,26,208,0,-0.5,-0.5,0.25,-0.5,0.25
232,28,107,-1,-0.5,-0.5,0.25,0.5,-0.25
233,26,107,-1,-0.5,-0.5,0.25,0.5,-0.25
234,27,206,0,-0.5,-0.5,0.25,-0.5,0.25
235,28,208,-1,-0.5,-0.5,0.25,-0.5,0.25
236,28,103,0,-0.5,-0.5,0.25,0.5,-0.25
237,26,101,0,-0.5,-0.5,0.25,0.5,-0.25
238,26,106,0,-0.5,-0.5,0.25,0.5,-0.25
239,26,204,0,-0.5,-0.5,0.25,-0.5,0.25
240,26,205,0,-0.5,-0.5,0.25,-0.5,0.25
241,26,202,0,-0.5,-0.5,0.25,-0.5,0.25
242,27,104,0,-0.5,-0.5,0.25,0.5,-0.25
243,27,202,0,-0.5,-0.5,0.25,-0.5,0.25
244,27,106,0,-0.5,-0.5,0.25,0.5,-0.25
245,27,101,0,-0.5,-0.5,0.25,0.5,-0.25
246,27,103,-1,-0.5,-0.5,0.25,0.5,-0.25
247,27,203,0,-0.5,-0.5,0.25,-0.5,0.25
248,27,107,0,-0.5,-0.5,0.25,0.5,-0.25
249,27,205,0,-0.5,-0.5,0.25,-0.5,0.25
250,27,201,0,-0.5,-0.5,0.25,-0.5,0.25
251,30,101,-1,-0.5,-0.5,0.25,0.5,-0.25
252,27,105,0,-0.5,-0.5,0.25,0.5,-0.25
253,30,208,0,-0.5,-0.5,0.25,-0.5,0.25
254,34,205,0,-0.5,-0.5,0.25,-0.5,0.25
255,30,202,0,-0.5,-0.5,0.25,-0.5,0.25
256,27,204,0,-0.5,-0.5,0.25,-0.5,0.25
257,30,205,0,-0.5,-0.5,0.25,-0.5,0.25
258,34,106,0,-0.5,-0.5,0.25,0.5,-0.25
259,34,104,0,-0.5,-0.5,0.25,0.5,-0.25
260,30,204,0,-0.5,-0.5,0.25,-0.5,0.25
261,34,203,0,-0.5,-0.5,0.25,-0.5,0.25
262,34,207,0,-0.5,-0.5,0.25,-0.5,0.25
263,34,202,0,-0.5,-0.5,0.25,-0.5,0.25
264,30,207,0,-0.5,-0.5,0.25,-0.5,0.25
265,34,208,0,-0.5,-0.5,0.25,-0.5,0.25
266,34,201,0,-0.5,-0.5,0.25,-0.5,0.25
267,34,206,0,-0.5,-0.5,0.25,-0.5,0.25
268,34,204,0,-0.5,-0.5,0.25,-0.5,0.25
269,34,108,-1,-0.5,-0.5,0.25,0.5,-0.25
270,30,103,-1,-0.5,-0.5,0.25,0.5,-0.25
271,29,103,-1,-0.5,-0.5,0.25,0.5,-0.25
272,30,106,-1,-0.5,-0.5,0.25,0.5,-0.25
273,30,108,-1,-0.5,-0.5,0.25,0.5,-0.25
274,29,208,0,-0.5,-0.5,0.25,-0.5,0.25
275,29,102,-1,-0.5,-0.5,0.25,0.5,-0.25
276,30,107,-1,-0.5,-0.5,0.25,0.5,-0.25
277,34,105,0,-0.5,-0.5,0.25,0.5,-0.25
278,30,203,0,-0.5,-0.5,0.25,-0.5,0.25
279,34,101,0,-0.5,-0.5,0.25,0.5,-0.25
280,30,104,-1,-0.5,-0.5,0.25,0.5,-0.25
281,34,103,-1,-0.5,-0.5,0.25,0.5,-0.25
282,30,206,0,-0.5,-0.5,0.25,-0.5,0.25
283,34,107,-1,-0.5,-0.5,0.25,0.5,-0.25
284,30,201,0,-0.5,-0.5,0.25,-0.5,0.25
285,34,102,-1,-0.5,-0.5,0.25,0.5,-0.25
286,29,108,-1,-0.5,-0.5,0.25,0.5,-0.25
287,30,105,-2,-0.5,-0.5,0.25,0.5,-0.25
288,30,102,-1,-0.5,-0.5,0.25,0.5,-0.25
289,29,202,0,-0.5,-0.5,0.25,-0.5,0.25
290,29,201,0,-0.5,-0.5,0.25,-0.5,0.25
291,29,206,0,-0.5,-0.5,0.25,-0.5,0.25
292,29,105,0,-0.5,-0.5,0.25,0.5,-0.25
293,29,207,0,-0.5,-0.5,0.25,-0.5,0.25
294,29,107,-1,-0.5,-0.5,0.25,0.5,-0.25
295,31,203,-1,-0.5,-0.5,0.25,-0.5,0.25
296,31,101,-1,-0.5,-0.5,0.25,0.5,-0.25
297,31,202,0,-0.5,-0.5,0.25,-0.5,0.25
298,31,204,0,-0.5,-0.5,0.25,-0.5,0.25
299,31,104,0,-0.5,-0.5,0.25,0.5,-0.25
300,31,201,0,-0.5,-0.5,0.25,-0.5,0.25
301,31,207,-1,-0.5,-0.5,0.25,-0.5,0.25
302,31,102,0,-0.5,-0.5,0.25,0.5,-0.25
303,35,102,-1,-0.5,-0.5,0.25,0.5,-0.25
304,31,106,-1,-0.5,-0.5,0.25,0.5,-0.25
305,35,206,0,-0.5,-0.5,0.25,-0.5,0.25
306,35,106,-1,-0.5,-0.5,0.25,0.5,-0.25
307,29,203,0,-0.5,-0.5,0.25,-0.5,0.25
308,31,103,-1,-0.5,-0.5,0.25,0.5,-0.25
309,29,104,-1,-0.5,-0.5,0.25,0.5,-0.25
310,31,208,-1,-0.5,-0.5,0.25,-0.5,0.25
311,31,105,-1,-0.5,-0.5,0.25,0.5,-0.25
312,35,201,0,-0.5,-0.5,0.25,-0.5,0.25
313,31,107,-1,-0.5,-0.5,0.25,0.5,-0.25
314,31,108,-1,-0.5,-0.5,0.25,0.5,-0.25
315,35,205,-1,-0.5,-0.5,0.25,-0.5,0.25
316,31,206,0,-0.5,-0.5,0.25,-0.5,0.25
317,31,205,0,-0.5,-0.5,0.25,-0.5,0.25
318,35,104,0,-0.5,-0.5,0.25,0.5,-0.25
319,35,103,-1,-0.5,-0.5,0.25,0.5,-0.25
320,36,205,-1,-0.5,-0.5,0.25,-0.5,0.25
321,35,203,0,-0.5,-0.5,0.25,-0.5,0.25
322,36,201,0,-0.5,-0.5,0.25,-0.5,0.25
323,35,207,0,-0.5,-0.5,0.25,-0.5,0.25
324,35,208,0,-0.5,-0.5,0.25,-0.5,0.25
325,36,202,-1,-0.5,-0.5,0.25,-0.5,0.25
326,35,101,0,-0.5,-0.5,0.25,0.5,-0.25
327,35,105,-1,-0.5,-0.5,0.25,0.5,-0.25
328,36,207,-1,-0.5,-0.5,0.25,-0.5,0.25
329,36,105,0,-0.5,-0.5,0.25,0.5,-0.25
330,35,202,0,-0.5,-0.5,0.25,-0.5,0.25
331,36,103,-1,-0.5,-0.5,0.25,0.5,-0.25
332,42,208,0,-0.5,-0.5,0.25,-0.5,0.25
333,36,208,0,-0.5,-0.5,0.25,-0.5,0.25
334,42,205,-1,-0.5,-0.5,0.25,-0.5,0.25
335,36,107,-1,-0.5,-0.5,0.25,0.5,-0.25
336,36,203,0,-0.5,-0.5,0.25,-0.5,0.25
337,42,101,-1,-0.5,-0.5,0.25,0.5,-0.25
338,42,204,0,-0.5,-0.5,0.25,-0.5,0.25
339,36,206,0,-0.5,-0.5,0.25,-0.5,0.25
340,42,103,-1,-0.5,-0.5,0.25,0.5,-0.25
341,36,204,0,-0.5,-0.5,0.25,-0.5,0.25
342,36,101,-1,-0.5,-0.5,0.25,0.5,-0.25
343,36,108,-1,-0.5,-0.5,0.25,0.5,-0.25
344,42,207,0,-0.5,-0.5,0.25,-0.5,0.25
345,42,206,0,-0.5,-0.5,0.25,-0.5,0.25
346,42,203,0,-0.5,-0.5,0.25,-0.5,0.25
347,42,201,0,-0.5,-0.5,0.25,-0.5,0.25
348,42,104,-1,-0.5,-0.5,0.25,0.5,-0.25
349,42,108,-1,-0.5,-0.5,0.25,0.5,-0.25
350,42,107,0,-0.5,-0.5,0.25,0.5,-0.25
351,42,105,-1,-0.5,-0.5,0.25,0.5,-0.25
352,42,106,0,-0.5,-0.5,0.25,0.5,-0.25
353,42,202,0,-0.5,-0.5,0.25,-0.5,0.25
354,32,106,-1,-0.5,-0.5,0.25,0.5,-0.25
355,32,104,0,-0.5,-0.5,0.25,0.5,-0.25
356,32,105,0,-0.5,-0.5,0.25,0.5,-0.25
357,32,107,0,-0.5,-0.5,0.25,0.5,-0.25
358,32,103,0,-0.5,-0.5,0.25,0.5,-0.25
359,32,201,-1,-0.5,-0.5,0.25,-0.5,0.25
360,32,208,-1,-0.5,-0.5,0.25,-0.5,0.25
361,32,102,-1,-0.5,-0.5,0.25,0.5,-0.25
362,47,204,-1,-0.5,-0.5,0.25,-0.5,0.25
363,47,208,0,-0.5,-0.5,0.25,-0.5,0.25
364,47,207,0,-0.5,-0.5,0.25,-0.5,0.25
365,32,207,0,-0.5,-0.5,0.25,-0.5,0.25
366,47,205,0,-0.5,-0.5,0.25,-0.5,0.25
367,47,201,0,-0.5,-0.5,0.25,-0.5,0.25
368,51,202,-1,-0.5,-0.5,0.25,-0.5,0.25
369,32,206,0,-0.5,-0.5,0.25,-0.5,0.25
370,32,108,0,-0.5,-0.5,0.25,0.5,-0.25
371,51,106,-1,-0.5,-0.5,0.25,0.5,-0.25
372,32,204,0,-0.5,-0.5,0.25,-0.5,0.25
373,51,204,0,-0.5,-0.5,0.25,-0.5,0.25
374,32,203,0,-0.5,-0.5,0.25,-0.5,0.25
375,51,207,0,-0.5,-0.5,0.25,-0.5,0.25
376,47,108,-1,-0.5,-0.5,0.25,0.5,-0.25
377,51,206,-1,-0.5,-0.5,0.25,-0.5,0.25
378,47,106,-1,-0.5,-0.5,0.25,0.5,-0.25
379,51,101,-1,-0.5,-0.5,0.25,0.5,-0.25
380,32,202,0,-0.5,-0.5,0.25,-0.5,0.25
381,51,205,0,-0.5,-0.5,0.25,-0.5,0.25
382,51,208,0,-0.5,-0.5,0.25,-0.5,0.25
383,32,205,0,-0.5,-0.5,0.25,-0.5,0.25
384,32,101,0,-0.5,-0.5,0.25,0.5,-0.25
385,51,201,0,-0.5,-0.5,0.25,-0.5,0.25
386,51,104,0,-0.5,-0.5,0.25,0.5,-0.25
387,47,206,0,-0.5,-0.5,0.25,-0.5,0.25
388,51,107,-1,-0.5,-0.5,0.25,0.5,-0.25
389,47,101,-1,-0.5,-0.5,0.25,0.5,-0.25
390,51,203,0,-0.5,-0.5,0.25,-0.5,0.25
391,47,202,-1,-0.5,-0.5,0.25,-0.5,0.25
392,47,104,-1,-0.5,-0.5,0.25,0.5,-0.25
393,51,105,0,-0.5,-0.5,0.25,0.5,-0.25
394,47,103,-1,-0.5,-0.5,0.25,0.5,-0.25
395,47,102,0,-0.5,-0.5,0.25,0.5,-0.25
396,47,203,0,-0.5,-0.5,0.25,-0.5,0.25
397,51,102,-1,-0.5,-0.5,0.25,0.5,-0.25
398,51,103,0,-0.5,-0.5,0.25,0.5,-0.25
399,51,108,0,-0.5,-0.5,0.25,0.5,-0.25
400,53,208,0,-0.5,-0.5,0.25,-0.5,0.25
401,53,105,-1,-0.5,-0.5,0.25,0.5,-0.25
402,53,206,0,-0.5,-0.5,0.25,-0.5,0.25
403,53,207,0,-0.5,-0.5,0.25,-0.5,0.25
404,53,103,-1,-0.5,-0.5,0.25,0.5,-0.25
405,53,201,0,-0.5,-0.5,0.25,-0.5,0.25
406,57,103,-1,-0.5,-0.5,0.25,0.5,-0.25
407,57,207,0,-0.5,-0.5,0.25,-0.5,0.25
408,57,203,-1,-0.5,-0.5,0.25,-0.5,0.25
409,53,202,-1,-0.5,-0.5,0.25,-0.5,0.25
410,53,107,-1,-0.5,-0.5,0.25,0.5,-0.25
411,57,101,-1,-0.5,-0.5,0.25,0.5,-0.25
412,57,107,-1,-0.5,-0.5,0.25,0.5,-0.25
413,57,206,0,-0.5,-0.5,0.25,-0.5,0.25
414,53,104,0,-0.5,-0.5,0.25,0.5,-0.25
415,53,102,0,-0.5,-0.5,0.25,0.5,-0.25
416,57,204,0,-0.5,-0.5,0.25,-0.5,0.25
417,53,205,0,-0.5,-0.5,0.25,-0.5,0.25
418,57,104,-1,-0.5,-0.5,0.25,0.5,-0.25
419,53,204,0,-0.5,-0.5,0.25,-0.5,0.25
420,53,203,0,-0.5,-0.5,0.25,-0.5,0.25
421,57,208,-1,-0.5,-0.5,0.25,-0.5,0.25
422,57,201,0,-0.5,-0.5,0.25,-0.5,0.25
423,53,108,-1,-0.5,-0.5,0.25,0.5,-0.25
424,57,202,-1,-0.5,-0.5,0.25,-0.5,0.25
425,57,105,0,-0.5,-0.5,0.25,0.5,-0.25
426,53,101,0,-0.5,-0.5,0.25,0.5,-0.25
427,60,207,-1,-0.5,-0.5,0.25,-0.5,0.25
428,60,108,-1,-0.5,-0.5,0.25,0.5,-0.25
429,60,204,0,-0.5,-0.5,0.25,-0.5,0.25
430,60,203,0,-0.5,-0.5,0.25,-0.5,0.25
431,60,206,0,-0.5,-0.5,0.25,-0.5,0.25
432,60,104,-1,-0.5,-0.5,0.25,0.5,-0.25
433,60,201,0,-0.5,-0.5,0.25,-0.5,0.25
434,60,202,0,-0.5,-0.5,0.25,-0.5,0.25
435,60,105,-1,-0.5,-0.5,0.25,0.5,-0.25
436,60,208,-1,-0.5,-0.5,0.25,-0.5,0.25
437,60,103,-1,-0.5,-0.5,0.25,0.5,-0.25
438,60,102,-1,-0.5,-0.5,0.25,0.5,-0.25
439,60,101,-1,-0.5,-0.5,0.25,0.5,-0.25
440,65,204,0,-0.5,-0.5,0.25,-0.5,0.25
441,65,201,0,-0.5,-0.5,0.25,-0.5,0.25
442,65,108,-1,-0.5,-0.5,0.25,0.5,-0.25
443,65,106,0,-0.5,-0.5,0.25,0.5,-0.25
444,65,206,0,-0.5,-0.5,0.25,-0.5,0.25
445,65,103,-1,-0.5,-0.5,0.25,0.5,-0.25
446,65,101,0,-0.5,-0.5,0.25,0.5,-0.25
447,65,208,-1,-0.5,-0.5,0.25,-0.5,0.25
448,65,205,0,-0.5,-0.5,0.25,-0.5,0.25
449,65,104,0,-0.5,-0.5,0.25,0.5,-0.25
450,65,207,0,-0.5,-0.5,0.25,-0.5,0.25
451,65,202,-1,-0.5,-0.5,0.25,-0.5,0.25
452,65,203,0,-0.5,-0.5,0.25,-0.5,0.25
453,65,107,-1,-0.5,-0.5,0.25,0.5,-0.25
454,65,105,0,-0.5,-0.5,0.25,0.5,-0.25
455,69,203,-1,-0.5,-0.5,0.25,-0.5,0.25
456,69,208,0,-0.5,-0.5,0.25,-0.5,0.25
457,69,107,-1,-0.5,-0.5,0.25,0.5,-0.25
458,69,201,0,-0.5,-0.5,0.25,-0.5,0.25
459,69,202,-1,-0.5,-0.5,0.25,-0.5,0.25
460,69,108,-1,-0.5,-0.5,0.25,0.5,-0.25
461,69,206,0,-0.5,-0.5,0.25,-0.5,0.25
462,69,102,-1,-0.5,-0.5,0.25,0.5,-0.25
463,69,101,0,-0.5,-0.5,0.25,0.5,-0.25
464,69,103,0,-0.5,-0.5,0.25,0.5,-0.25
465,69,204,0,-0.5,-0.5,0.25,-0.5,0.25
466,69,207,0,-0.5,-0.5,0.25,-0.5,0.25
467,70,206,0,-0.5,-0.5,0.25,-0.5,0.25
468,70,105,0,-0.5,-0.5,0.25,0.5,-0.25
469,70,106,-1,-0.5,-0.5,0.25,0.5,-0.25
470,70,103,-1,-0.5,-0.5,0.25,0.5,-0.25
471,70,204,-1,-0.5,-0.5,0.25,-0.5,0.25
472,70,107,-1,-0.5,-0.5,0.25,0.5,-0.25
473,72,102,-1,-0.5,-0.5,0.25,0.5,-0.25
474,70,205,0,-0.5,-0.5,0.25,-0.5,0.25
475,72,201,0,-0.5,-0.5,0.25,-0.5,0.25
476,70,108,0,-0.5,-0.5,0.25,0.5,-0.25
477,72,108,-1,-0.5,-0.5,0.25,0.5,-0.25
478,72,208,-1,-0.5,-0.5,0.25,-0.5,0.25
479,72,101,0,-0.5,-0.5,0.25,0.5,-0.25
480,72,105,0,-0.5,-0.5,0.25,0.5,-0.25
481,72,107,0,-0.5,-0.5,0.25,0.5,-0.25
482,72,104,-1,-0.5,-0.5,0.25,0.5,-0.25
483,70,207,0,-0.5,-0.5,0.25,-0.5,0.25
484,70,104,0,-0.5,-0.5,0.25,0.5,-0.25
485,70,202,0,-0.5,-0.5,0.25,-0.5,0.25
486,72,103,0,-0.5,-0.5,0.25,0.5,-0.25
487,70,201,0,-0.5,-0.5,0.25,-0.5,0.25
488,72,206,0,-0.5,-0.5,0.25,-0.5,0.25
489,70,203,0,-0.5,-0.5,0.25,-0.5,0.25
490,72,106,0,-0.5,-0.5,0.25,0.5,-0.25
491,70,208,0,-0.5,-0.5,0.25,-0.5,0.25
492,72,207,0,-0.5,-0.5,0.25,-0.5,0.25
493,70,101,0,-0.5,-0.5,0.25,0.5,-0.25
494,72,202,0,-0.5,-0.5,0.25,-0.5,0.25
495,72,204,0,-0.5,-0.5,0.25,-0.5,0.25
496,72,203,0,-0.5,-0.5,0.25,-0.5,0.25
497,72,205,0,-0.5,-0.5,0.25,-0.5,0.25
498,78,103,-1,-0.5,-0.5,0.25,0.5,-0.25
499,78,206,0,-0.5,-0.5,0.25,-0.5,0.25
500,78,108,-1,-0.5,-0.5,0.25,0.5,-0.25
501,78,201,0,-0.5,-0.5,0.25,-0.5,0.25
502,78,207,0,-0.5,-0.5,0.25,-0.5,0.25
503,78,107,0,-0.5,-0.5,0.25,0.5,-0.25
504,78,104,-1,-0.5,-0.5,0.25,0.5,-0.25
505,78,203,0,-0.5,-0.5,0.25,-0.5,0.25
506,78,101,-1,-0.5,-0.5,0.25,0.5,-0.25
507,78,205,0,-0.5,-0.5,0.25,-0.5,0.25
508,78,208,0,-0.5,-0.5,0.25,-0.5,0.25
509,78,202,0,-0.5,-0.5,0.25,-0.5,0.25
510,78,204,0,-0.5,-0.5,0.25,-0.5,0.25
511,87,102,-1,-0.5,-0.5,0.25,0.5,-0.25
512,87,101,-1,-0.5,-0.5,0.25,0.5,-0.25
513,87,107,-1,-0.5,-0.5,0.25,0.5,-0.25
514,87,202,-1,-0.5,-0.5,0.25,-0.5,0.25
515,87,208,0,-0.5,-0.5,0.25,-0.5,0.25
516,87,205,0,-0.5,-0.5,0.25,-0.5,0.25
517,87,201,0,-0.5,-0.5,0.25,-0.5,0.25
518,82,205,-1,-0.5,-0.5,0.25,-0.5,0.25
519,82,203,0,-0.5,-0.5,0.25,-0.5,0.25
520,87,105,-1,-0.5,-0.5,0.25,0.5,-0.25
521,87,206,0,-0.5,-0.5,0.25,-0.5,0.25
522,87,207,0,-0.5,-0.5,0.25,-0.5,0.25
523,82,204,0,-0.5,-0.5,0.25,-0.5,0.25
524,87,106,-1,-0.5,-0.5,0.25,0.5,-0.25
525,87,204,0,-0.5,-0.5,0.25,-0.5,0.25
526,87,103,0,-0.5,-0.5,0.25,0.5,-0.25
527,83,106,-1,-0.5,-0.5,0.25,0.5,-0.25
528,87,108,-1,-0.5,-0.5,0.25,0.5,-0.25
529,82,202,-1,-0.5,-0.5,0.25,-0.5,0.25
530,87,104,-1,-0.5,-0.5,0.25,0.5,-0.25
531,87,203,0,-0.5,-0.5,0.25,-0.5,0.25
532,82,104,-1,-0.5,-0.5,0.25,0.5,-0.25
533,83,105,0,-0.5,-0.5,0.25,0.5,-0.25
534,82,107,0,-0.5,-0.5,0.25,0.5,-0.25
535,83,102,-1,-0.5,-0.5,0.25,0.5,-0.25
536,83,108,-1,-0.5,-0.5,0.25,0.5,-0.25
537,82,101,-1,-0.5,-0.5,0.25,0.5,-0.25
538,83,204,0,-0.5,-0.5,0.25,-0.5,0.25
539,83,205,0,-0.5,-0.5,0.25,-0.5,0.25
540,82,208,-1,-0.5,-0.5,0.25,-0.5,0.25
541,83,206,0,-0.5,-0.5,0.25,-0.5,0.25
542,83,107,-1,-0.5,-0.5,0.25,0.5,-0.25
543,82,108,-1,-0.5,-0.5,0.25,0.5,-0.25
544,83,202,0,-0.5,-0.5,0.25,-0.5,0.25
545,83,207,0,-0.5,-0.5,0.25,-0.5,0.25
546,82,106,-1,-0.5,-0.5,0.25,0.5,-0.25
547,82,207,-1,-0.5,-0.5,0.25,-0.5,0.25
548,83,201,0,-0.5,-0.5,0.25,-0.5,0.25
549,83,103,-1,-0.5,-0.5,0.25,0.5,-0.25
550,83,104,-1,-0.5,-0.5,0.25,0.5,-0.25
551,83,203,0,-0.5,-0.5,0.25,-0.5,0.25
552,82,201,0,-0.5,-0.5,0.25,-0.5,0.25
553,88,204,0,-0.5,-0.5,0.25,-0.5,0.25
554,80,201,0,-0.5,-0.5,0.25,-0.5,0.25
555,82,105,-1,-0.5,-0.5,0.25,0.5,-0.25
556,82,103,-1,-0.5,-0.5,0.25,0.5,-0.25
557,80,206,0,-0.5,-0.5,0.25,-0.5,0.25
558,82,102,-1,-0.5,-0.5,0.25,0.5,-0.25
559,83,208,0,-0.5,-0.5,0.25,-0.5,0.25
560,80,205,0,-0.5,-0.5,0.25,-0.5,0.25
561,88,104,-1,-0.5,-0.5,0.25,0.5,-0.25
562,80,208,0,-0.5,-0.5,0.25,-0.5,0.25
563,88,106,-1,-0.5,-0.5,0.25,0.5,-0.25
564,88,107,0,-0.5,-0.5,0.25,0.5,-0.25
565,88,207,-1,-0.5,-0.5,0.25,-0.5,0.25
566,88,103,0,-0.5,-0.5,0.25,0.5,-0.25
567,88,101,0,-0.5,-0.5,0.25,0.5,-0.25
568,88,108,0,-0.5,-0.5,0.25,0.5,-0.25
569,80,108,-1,-0.5,-0.5,0.25,0.5,-0.25
570,88,102,-1,-0.5,-0.5,0.25,0.5,-0.25
571,80,103,-1,-0.5,-0.5,0.25,0.5,-0.25
572,88,202,0,-0.5,-0.5,0.25,-0.5,0.25
573,80,102,-1,-0.5,-0.5,0.25,0.5,-0.25
574,88,205,-1,-0.5,-0.5,0.25,-0.5,0.25
575,88,203,0,-0.5,-0.5,0.25,-0.5,0.25
576,88,201,0,-0.5,-0.5,0.25,-0.5,0.25
577,80,207,0,-0.5,-0.5,0.25,-0.5,0.25
578,80,105,-1,-0.5,-0.5,0.25,0.5,-0.25
579,88,208,0,-0.5,-0.5,0.25,-0.5,0.25
580,80,104,-1,-0.5,-0.5,0.25,0.5,-0.25
581,89,101,-1,-0.5,-0.5,0.25,0.5,-0.25
582,80,107,0,-0.5,-0.5,0.25,0.5,-0.25
583,89,202,-1,-0.5,-0.5,0.25,-0.5,0.25
584,80,106,0,-0.5,-0.5,0.25,0.5,-0.25
585,89,207,0,-0.5,-0.5,0.25,-0.5,0.25
586,88,206,0,-0.5,-0.5,0.25,-0.5,0.25
587,89,107,-1,-0.5,-0.5,0.25,0.5,-0.25
588,80,202,0,-0.5,-0.5,0.25,-0.5,0.25
589,80,203,0,-0.5,-0.5,0.25,-0.5,0.25
590,89,204,0,-0.5,-0.5,0.25,-0.5,0.25
591,80,204,0,-0.5,-0.5,0.25,-0.5,0.25
592,85,203,-1,-0.5,-0.5,0.25,-0.5,0.25
593,89,104,-1,-0.5,-0.5,0.25,0.5,-0.25
594,85,205,0,-0.5,-0.5,0.25,-0.5,0.25
595,89,201,0,-0.5,-0.5,0.25,-0.5,0.25
596,89,206,0,-0.5,-0.5,0.25,-0.5,0.25
597,89,203,0,-0.5,-0.5,0.25,-0.5,0.25
598,89,205,0,-0.5,-0.5,0.25,-0.5,0.25
599,89,103,-1,-0.5,-0.5,0.25,0.5,-0.25
600,85,106,-1,-0.5,-0.5,0.25,0.5,-0.25
601,89,105,-1,-0.5,-0.5,0.25,0.5,-0.25
602,85,202,-1,-0.5,-0.5,0.25,-0.5,0.25
603,89,102,-1,-0.5,-0.5,0.25,0.5,-0.25
604,92,206,0,-0.5,-0.5,0.25,-0.5,0.25
605,92,205,0,-0.5,-0.5,0.25,-0.5,0.25
606,92,103,-1,-0.5,-0.5,0.25,0.5,-0.25
607,85,206,-1,-0.5,-0.5,0.25,-0.5,0.25
608,89,208,0,-0.5,-0.5,0.25,-0.5,0.25
609,92,202,0,-0.5,-0.5,0.25,-0.5,0.25
610,89,108,-1,-0.5,-0.5,0.25,0.5,-0.25
611,85,204,-1,-0.5,-0.5,0.25,-0.5,0.25
612,85,103,-1,-0.5,-0.5,0.25,0.5,-0.25
613,92,108,-1,-0.5,-0.5,0.25,0.5,-0.25
614,85,102,-1,-0.5,-0.5,0.25,0.5,-0.25
615,92,204,0,-0.5,-0.5,0.25,-0.5,0.25
616,92,101,-1,-0.5,-0.5,0.25,0.5,-0.25
617,92,104,-1,-0.5,-0.5,0.25,0.5,-0.25
618,85,107,-1,-0.5,-0.5,0.25,0.5,-0.25
619,85,207,-1,-0.5,-0.5,0.25,-0.5,0.25
620,92,107,-1,-0.5,-0.5,0.25,0.5,-0.25
621,85,208,-1,-0.5,-0.5,0.25,-0.5,0.25
622,85,101,-1,-0.5,-0.5,0.25,0.5,-0.25
623,85,108,-1,-0.5,-0.5,0.25,0.5,-0.25
624,85,105,-1,-0.5,-0.5,0.25,0.5,-0.25
625,85,201,-1,-0.5,-0.5,0.25,-0.5,0.25
626,92,208,-1,-0.5,-0.5,0.25,-0.5,0.25
627,92,207,0,-0.5,-0.5,0.25,-0.5,0.25
628,92,106,0,-0.5,-0.5,0.25,0.5,-0.25
629,92,203,0,-0.5,-0.5,0.25,-0.5,0.25
630,92,201,0,-0.5,-0.5,0.25,-0.5,0.25
631,91,201,0,-0.5,-0.5,0.25,-0.5,0.25
632,95,108,-1,-0.5,-0.5,0.25,0.5,-0.25
633,97,206,0,-0.5,-0.5,0.25,-0.5,0.25
634,97,106,0,-0.5,-0.5,0.25,0.5,-0.25
635,97,201,0,-0.5,-0.5,0.25,-0.5,0.25
636,95,201,0,-0.5,-0.5,0.25,-0.5,0.25
637,97,207,-1,-0.5,-0.5,0.25,-0.5,0.25
638,95,207,0,-0.5,-0.5,0.25,-0.5,0.25
639,97,102,-1,-0.5,-0.5,0.25,0.5,-0.25
640,95,105,0,-0.5,-0.5,0.25,0.5,-0.25
641,97,203,0,-0.5,-0.5,0.25,-0.5,0.25
642,95,204,0,-0.5,-0.5,0.25,-0.5,0.25
643,91,105,0,-0.5,-0.5,0.25,0.5,-0.25
644,95,106,0,-0.5,-0.5,0.25,0.5,-0.25
645,97,103,-1,-0.5,-0.5,0.25,0.5,-0.25
646,95,102,-1,-0.5,-0.5,0.25,0.5,-0.25
647,97,104,0,-0.5,-0.5,0.25,0.5,-0.25
648,91,102,-1,-0.5,-0.5,0.25,0.5,-0.25
649,97,205,-1,-0.5,-0.5,0.25,-0.5,0.25
650,97,101,0,-0.5,-0.5,0.25,0.5,-0.25
651,91,208,-1,-0.5,-0.5,0.25,-0.5,0.25
652,97,105,0,-0.5,-0.5,0.25,0.5,-0.25
653,97,208,0,-0.5,-0.5,0.25,-0.5,0.25
654,95,104,0,-0.5,-0.5,0.25,0.5,-0.25
655,97,204,0,-0.5,-0.5,0.25,-0.5,0.25
656,91,206,-1,-0.5,-0.5,0.25,-0.5,0.25
657,97,108,0,-0.5,-0.5,0.25,0.5,-0.25
658,97,107,0,-0.5,-0.5,0.25,0.5,-0.25
659,91,203,0,-0.5,-0.5,0.25,-0.5,0.25
660,95,208,0,-0.5,-0.5,0.25,-0.5,0.25
661,97,202,0,-0.5,-0.5,0.25,-0.5,0.25
662,95,202,0,-0.5,-0.5,0.25,-0.5,0.25
663,91,205,-1,-0.5,-0.5,0.25,-0.5,0.25
664,91,107,-1,-0.5,-0.5,0.25,0.5,-0.25
665,91,207,0,-0.5,-0.5,0.25,-0.5,0.25
666,96,105,0,-0.5,-0.5,0.25,0.5,-0.25
667,91,101,-1,-0.5,-0.5,0.25,0.5,-0.25
668,95,205,0,-0.5,-0.5,0.25,-0.5,0.25
669,91,103,-1,-0.5,-0.5,0.25,0.5,-0.25
670,95,103,-1,-0.5,-0.5,0.25,0.5,-0.25
671,96,204,0,-0.5,-0.5,0.25,-0.5,0.25
672,91,202,0,-0.5,-0.5,0.25,-0.5,0.25
673,95,203,0,-0.5,-0.5,0.25,-0.5,0.25
674,96,102,-1,-0.5,-0.5,0.25,0.5,-0.25
675,95,101,0,-0.5,-0.5,0.25,0.5,-0.25
676,95,206,0,-0.5,-0.5,0.25,-0.5,0.25
677,96,107,-1,-0.5,-0.5,0.25,0.5,-0.25
678,96,101,0,-0.5,-0.5,0.25,0.5,-0.25
679,96,201,0,-0.5,-0.5,0.25,-0.5,0.25
680,98,207,0,-0.5,-0.5,0.25,-0.5,0.25
681,98,107,0,-0.5,-0.5,0.25,0.5,-0.25
682,96,208,0,-0.5,-0.5,0.25,-0.5,0.25
683,96,202,0,-0.5,-0.5,0.25,-0.5,0.25
684,96,206,0,-0.5,-0.5,0.25,-0.5,0.25
685,98,202,0,-0.5,-0.5,0.25,-0.5,0.25
686,98,205,0,-0.5,-0.5,0.25,-0.5,0.25
687,96,205,0,-0.5,-0.5,0.25,-0.5,0.25
688,96,108,-1,-0.5,-0.5,0.25,0.5,-0.25
689,96,104,0,-0.5,-0.5,0.25,0.5,-0.25
690,98,206,0,-0.5,-0.5,0.25,-0.5,0.25
691,98,103,-1,-0.5,-0.5,0.25,0.5,-0.25
692,96,207,0,-0.5,-0.5,0.25,-0.5,0.25
693,96,103,-1,-0.5,-0.5,0.25,0.5,-0.25
694,98,105,0,-0.5,-0.5,0.25,0.5,-0.25
695,96,203,0,-0.5,-0.5,0.25,-0.5,0.25
696,98,104,0,-0.5,-0.5,0.25,0.5,-0.25
697,98,101,0,-0.5,-0.5,0.25,0.5,-0.25
698,98,106,0,-0.5,-0.5,0.25,0.5,-0.25
699,98,204,0,-0.5,-0.5,0.25,-0.5,0.25
700,98,203,0,-0.5,-0.5,0.25,-0.5,0.25
701,98,201,0,-0.5,-0.5,0.25,-0.5,0.25
702,98,102,-1,-0.5,-0.5,0.25,0.5,-0.25
703,98,208,-1,-0.5,-0.5,0.25,-0.5,0.25
704,98,108,0,-0.5,-0.5,0.25,0.5,-0.25
705,101,207,0,-0.5,-0.5,0.25,-0.5,0.25
706,101,108,0,-0.5,-0.5,0.25,0.5,-0.25
707,101,104,0,-0.5,-0.5,0.25,0.5,-0.25
708,101,107,0,-0.5,-0.5,0.25,0.5,-0.25
709,101,201,0,-0.5,-0.5,0.25,-0.5,0.25
710,101,203,0,-0.5,-0.5,0.25,-0.5,0.25
711,101,206,0,-0.5,-0.5,0.25,-0.5,0.25
712,101,205,0,-0.5,-0.5,0.25,-0.5,0.25
713,101,202,0,-0.5,-0.5,0.25,-0.5,0.25
714,101,101,0,-0.5,-0.5,0.25,0.5,-0.25
715,101,102,0,-0.5,-0.5,0.25,0.5,-0.25
716,101,105,0,-0.5,-0.5,0.25,0.5,-0.25
717,101,208,0,-0.5,-0.5,0.25,-0.5,0.25
718,101,103,0,-0.5,-0.5,0.25,0.5,-0.25
719,101,106,0,-0.5,-0.5,0.25,0.5,-0.25
720,101,204,0,-0.5,-0.5,0.25,-0.5,0.25
721,100,108,-1,-0.5,-0.5,0.25,0.5,-0.25
722,100,207,-1,-0.5,-0.5,0.25,-0.5,0.25
723,100,206,0,-0.5,-0.5,0.25,-0.5,0.25
724,90,201,0,-0.5,-0.5,0.25,-0.5,0.25
725,100,102,-1,-0.5,-0.5,0.25,0.5,-0.25
726,100,103,-1,-0.5,-0.5,0.25,0.5,-0.25
727,100,204,0,-0.5,-0.5,0.25,-0.5,0.25
728,100,105,0,-0.5,-0.5,0.25,0.5,-0.25
729,90,206,-1,-0.5,-0.5,0.25,-0.5,0.25
730,100,208,0,-0.5,-0.5,0.25,-0.5,0.25
731,90,104,-1,-0.5,-0.5,0.25,0.5,-0.25
732,90,101,-1,-0.5,-0.5,0.25,0.5,-0.25
733,100,106,0,-0.5,-0.5,0.25,0.5,-0.25
734,90,203,0,-0.5,-0.5,0.25,-0.5,0.25
735,100,107,0,-0.5,-0.5,0.25,0.5,-0.25
736,90,108,-1,-0.5,-0.5,0.25,0.5,-0.25
737,90,107,-1,-0.5,-0.5,0.25,0.5,-0.25
738,90,205,0,-0.5,-0.5,0.25,-0.5,0.25
739,100,205,0,-0.5,-0.5,0.25,-0.5,0.25
740,100,203,0,-0.5,-0.5,0.25,-0.5,0.25
741,100,202,-1,-0.5,-0.5,0.25,-0.5,0.25
742,100,104,0,-0.5,-0.5,0.25,0.5,-0.25
743,90,204,0,-0.5,-0.5,0.25,-0.5,0.25
744,90,106,0,-0.5,-0.5,0.25,0.5,-0.25
745,90,202,0,-0.5,-0.5,0.25,-0.5,0.25
746,90,103,-1,-0.5,-0.5,0.25,0.5,-0.25
747,90,207,-1,-0.5,-0.5,0.25,-0.5,0.25
748,104,101,-1,-0.5,-0.5,0.25,0.5,-0.25
749,104,202,-1,-0.5,-0.5,0.25,-0.5,0.25
750,103,104,-1,-0.5,-0.5,0.25,0.5,-0.25
751,104,108,-1,-0.5,-0.5,0.25,0.5,-0.25
752,104,201,0,-0.5,-0.5,0.25,-0.5,0.25
753,103,106,-1,-0.5,-0.5,0.25,0.5,-0.25
754,104,206,0,-0.5,-0.5,0.25,-0.5,0.25
755,103,201,0,-0.5,-0.5,0.25,-0.5,0.25
756,104,204,0,-0.5,-0.5,0.25,-0.5,0.25
757,104,203,0,-0.5,-0.5,0.25,-0.5,0.25
758,104,104,-1,-0.5,-0.5,0.25,0.5,-0.25
759,104,207,-1,-0.5,-0.5,0.25,-0.5,0.25
760,103,108,0,-0.5,-0.5,0.25,0.5,-0.25
761,103,204,0,-0.5,-0.5,0.25,-0.5,0.25
762,104,103,-1,-0.5,-0.5,0.25,0.5,-0.25
763,103,205,0,-0.5,-0.5,0.25,-0.5,0.25
764,104,205,0,-0.5,-0.5,0.25,-0.5,0.25
765,103,107,-1,-0.5,-0.5,0.25,0.5,-0.25
766,103,102,-1,-0.5,-0.5,0.25,0.5,-0.25
767,104,106,0,-0.5,-0.5,0.25,0.5,-0.25
768,103,202,0,-0.5,-0.5,0.25,-0.5,0.25
769,103,103,0,-0.5,-0.5,0.25,0.5,-0.25
770,104,107,0,-0.5,-0.5,0.25,0.5,-0.25
771,104,208,0,-0.5,-0.5,0.25,-0.5,0.25
772,103,206,0,-0.5,-0.5,0.25,-0.5,0.25
773,103,207,-1,-0.5,-0.5,0.25,-0.5,0.25
774,103,105,0,-0.5,-0.5,0.25,0.5,-0.25
775,103,101,0,-0.5,-0.5,0.25,0.5,-0.25
776,103,203,0,-0.5,-0.5,0.25,-0.5,0.25
777,106,104,-1,-0.5,-0.5,0.25,0.5,-0.25
778,106,203,0,-0.5,-0.5,0.25,-0.5,0.25
779,106,107,-1,-0.5,-0.5,0.25,0.5,-0.25
780,106,102,-1,-0.5,-0.5,0.25,0.5,-0.25
781,106,101,-1,-0.5,-0.5,0.25,0.5,-0.25
782,106,204,0,-0.5,-0.5,0.25,-0.5,0.25
783,106,202,0,-0.5,-0.5,0.25,-0.5,0.25
784,106,201,0,-0.5,-0.5,0.25,-0.5,0.25
785,106,207,0,-0.5,-0.5,0.25,-0.5,0.25
786,106,205,0,-0.5,-0.5,0.25,-0.5,0.25
787,106,206,0,-0.5,-0.5,0.25,-0.5,0.25
788,106,106,0,-0.5,-0.5,0.25,0.5,-0.25
789,106,105,-1,-0.5,-0.5,0.25,0.5,-0.25
790,106,208,0,-0.5,-0.5,0.25,-0.5,0.25
791,106,108,-1,-0.5,-0.5,0.25,0.5,-0.25
792,106,103,-1,-0.5,-0.5,0.25,0.5,-0.25
793,109,102,-1,-0.5,-0.5,0.25,0.5,-0.25
794,109,202,0,-0.5,-0.5,0.25,-0.5,0.25
795,109,106,-1,-0.5,-0.5,0.25,0.5,-0.25
796,109,205,0,-0.5,-0.5,0.25,-0.5,0.25
797,109,206,0,-0.5,-0.5,0.25,-0.5,0.25
798,109,101,-1,-0.5,-0.5,0.25,0.5,-0.25
799,109,207,0,-0.5,-0.5,0.25,-0.5,0.25
800,109,107,-1,-0.5,-0.5,0.25,0.5,-0.25
801,109,201,0,-0.5,-0.5,0.25,-0.5,0.25
802,109,203,0,-0.5,-0.5,0.25,-0.5,0.25
803,109,204,0,-0.5,-0.5,0.25,-0.5,0.25
804,109,103,-1,-0.5,-0.5,0.25,0.5,-0.25
805,109,108,-1,-0.5,-0.5,0.25,0.5,-0.25
806,109,208,0,-0.5,-0.5,0.25,-0.5,0.25
807,109,104,-1,-0.5,-0.5,0.25,0.5,-0.25
808,111,103,-1,-0.5,-0.5,0.25,0.5,-0.25
809,111,208,0,-0.5,-0.5,0.25,-0.5,0.25
810,111,203,0,-0.5,-0.5,0.25,-0.5,0.25
811,111,204,0,-0.5,-0.5,0.25,-0.5,0.25
812,111,106,0,-0.5,-0.5,0.25,0.5,-0.25
813,111,101,-1,-0.5,-0.5,0.25,0.5,-0.25
814,111,202,0,-0.5,-0.5,0.25,-0.5,0.25
815,111,108,0,-0.5,-0.5,0.25,0.5,-0.25
816,111,102,0,-0.5,-0.5,0.25,0.5,-0.25
817,112,202,0,-0.5,-0.5,0.25,-0.5,0.25
818,111,105,0,-0.5,-0.5,0.25,0.5,-0.25
819,112,103,-1,-0.5,-0.5,0.25,0.5,-0.25
820,112,107,-1,-0.5,-0.5,0.25,0.5,-0.25
821,111,205,0,-0.5,-0.5,0.25,-0.5,0.25
822,112,203,0,-0.5,-0.5,0.25,-0.5,0.25
823,111,104,0,-0.5,-0.5,0.25,0.5,-0.25
824,112,201,0,-0.5,-0.5,0.25,-0.5,0.25
825,112,102,-1,-0.5,-0.5,0.25,0.5,-0.25
826,111,207,0,-0.5,-0.5,0.25,-0.5,0.25
827,112,208,0,-0.5,-0.5,0.25,-0.5,0.25
828,112,205,0,-0.5,-0.5,0.25,-0.5,0.25
829,112,105,0,-0.5,-0.5,0.25,0.5,-0.25
830,112,207,0,-0.5,-0.5,0.25,-0.5,0.25
831,112,204,0,-0.5,-0.5,0.25,-0.5,0.25
832,112,108,-1,-0.5,-0.5,0.25,0.5,-0.25
833,112,104,-1,-0.5,-0.5,0.25,0.5,-0.25
834,112,206,0,-0.5,-0.5,0.25,-0.5,0.25
835,115,206,-1,-0.5,-0.5,0.25,-0.5,0.25
836,114,108,-1,-0.5,-0.5,0.25,0.5,-0.25
837,115,106,-1,-0.5,-0.5,0.25,0.5,-0.25
838,114,103,-1,-0.5,-0.5,0.25,0.5,-0.25
839,115,205,0,-0.5,-0.5,0.25,-0.5,0.25
840,115,204,0,-0.5,-0.5,0.25,-0.5,0.25
841,115,207,0,-0.5,-0.5,0.25,-0.5,0.25
842,114,204,0,-0.5,-0.5,0.25,-0.5,0.25
843,114,205,0,-0.5,-0.5,0.25,-0.5,0.25
844,114,207,0,-0.5,-0.5,0.25,-0.5,0.25
845,115,202,0,-0.5,-0.5,0.25,-0.5,0.25
846,115,105,0,-0.5,-0.5,0.25,0.5,-0.25
847,115,208,0,-0.5,-0.5,0.25,-0.5,0.25
848,115,201,0,-0.5,-0.5,0.25,-0.5,0.25
849,115,102,-1,-0.5,-0.5,0.25,0.5,-0.25
850,114,203,0,-0.5,-0.5,0.25,-0.5,0.25
851,115,103,-1,-0.5,-0.5,0.25,0.5,-0.25
852,114,201,0,-0.5,-0.5,0.25,-0.5,0.25
853,115,101,0,-0.5,-0.5,0.25,0.5,-0.25
854,114,208,-1,-0.5,-0.5,0.25,-0.5,0.25
855,115,104,-1,-0.5,-0.5,0.25,0.5,-0.25
856,114,107,0,-0.5,-0.5,0.25,0.5,-0.25
857,115,107,-1,-0.5,-0.5,0.25,0.5,-0.25
858,114,105,0,-0.5,-0.5,0.25,0.5,-0.25
859,114,102,-1,-0.5,-0.5,0.25,0.5,-0.25
860,115,108,-1,-0.5,-0.5,0.25,0.5,-0.25
861,115,203,0,-0.5,-0.5,0.25,-0.5,0.25
862,114,104,0,-0.5,-0.5,0.25,0.5,-0.25
863,114,206,0,-0.5,-0.5,0.25,-0.5,0.25
864,114,101,0,-0.5,-0.5,0.25,0.5,-0.25
865,122,108,-1,0.5,-0.5,-0.25,0.5,0.25
866,125,101,-1,0.5,-0.5,-0.25,0.5,0.25
867,122,105,-1,0.5,-0.5,-0.25,0.5,0.25
868,125,108,-1,0.5,-0.5,-0.25,0.5,0.25
869,122,107,-1,0.5,-0.5,-0.25,0.5,0.25
870,120,104,-1,0.5,-0.5,-0.25,0.5,0.25
871,122,102,-1,0.5,-0.5,-0.25,0.5,0.25
872,121,202,0,0.5,-0.5,-0.25,-0.5,-0.25
873,120,206,0,0.5,-0.5,-0.25,-0.5,-0.25
874,121,204,0,0.5,-0.5,-0.25,-0.5,-0.25
875,122,202,0,0.5,-0.5,-0.25,-0.5,-0.25
876,125,203,0,0.5,-0.5,-0.25,-0.5,-0.25
877,121,101,0,0.5,-0.5,-0.25,0.5,0.25
878,122,204,0,0.5,-0.5,-0.25,-0.5,-0.25
879,125,104,0,0.5,-0.5,-0.25,0.5,0.25
880,120,204,0,0.5,-0.5,-0.25,-0.5,-0.25
881,128,205,0,0.5,-0.5,-0.25,-0.5,-0.25
882,125,107,-1,0.5,-0.5,-0.25,0.5,0.25
883,124,205,0,0.5,-0.5,-0.25,-0.5,-0.25
884,123,203,0,0.5,-0.5,-0.25,-0.5,-0.25
885,120,208,0,0.5,-0.5,-0.25,-0.5,-0.25
886,121,106,0,0.5,-0.5,-0.25,0.5,0.25
887,128,105,0,0.5,-0.5,-0.25,0.5,0.25
888,125,105,-1,0.5,-0.5,-0.25,0.5,0.25
889,124,105,0,0.5,-0.5,-0.25,0.5,0.25
890,121,107,0,0.5,-0.5,-0.25,0.5,0.25
891,122,208,0,0.5,-0.5,-0.25,-0.5,-0.25
892,124,201,0,0.5,-0.5,-0.25,-0.5,-0.25
893,128,104,0,0.5,-0.5,-0.25,0.5,0.25
894,121,104,0,0.5,-0.5,-0.25,0.5,0.25
895,125,102,-1,0.5,-0.5,-0.25,0.5,0.25
896,120,102,-1,0.5,-0.5,-0.25,0.5,0.25
897,123,108,-1,0.5,-0.5,-0.25,0.5,0.25
898,122,104,-1,0.5,-0.5,-0.25,0.5,0.25
899,128,107,0,0.5,-0.5,-0.25,0.5,0.25
900,125,208,0,0.5,-0.5,-0.25,-0.5,-0.25
901,124,103,0,0.5,-0.5,-0.25,0.5,0.25
902,125,206,0,0.5,-0.5,-0.25,-0.5,-0.25
903,122,201,0,0.5,-0.5,-0.25,-0.5,-0.25
904,128,201,0,0.5,-0.5,-0.25,-0.5,-0.25
905,123,105,0,0.5,-0.5,-0.25,0.5,0.25
906,124,108,0,0.5,-0.5,-0.25,0.5,0.25
907,123,107,0,0.5,-0.5,-0.25,0.5,0.25
908,120,105,-1,0.5,-0.5,-0.25,0.5,0.25
909,125,103,0,0.5,-0.5,-0.25,0.5,0.25
910,124,101,0,0.5,-0.5,-0.25,0.5,0.25
911,122,203,0,0.5,-0.5,-0.25,-0.5,-0.25
912,121,105,0,0.5,-0.5,-0.25,0.5,0.25
913,128,206,0,0.5,-0.5,-0.25,-0.5,-0.25
914,120,101,-1,0.5,-0.5,-0.25,0.5,0.25
915,121,103,-1,0.5,-0.5,-0.25,0.5,0.25
916,120,205,0,0.5,-0.5,-0.25,-0.5,-0.25
917,124,206,0,0.5,-0.5,-0.25,-0.5,-0.25
918,125,202,0,0.5,-0.5,-0.25,-0.5,-0.25
919,123,103,0,0.5,-0.5,-0.25,0.5,0.25
920,120,103,-1,0.5,-0.5,-0.25,0.5,0.25
921,128,106,0,0.5,-0.5,-0.25,0.5,0.25
922,122,106,-1,0.5,-0.5,-0.25,0.5,0.25
923,121,207,0,0.5,-0.5,-0.25,-0.5,-0.25
924,123,102,0,0.5,-0.5,-0.25,0.5,0.25
925,121,205,0,0.5,-0.5,-0.25,-0.5,-0.25
926,122,207,0,0.5,-0.5,-0.25,-0.5,-0.25
927,124,102,0,0.5,-0.5,-0.25,0.5,0.25
928,123,204,0,0.5,-0.5,-0.25,-0.5,-0.25
929,120,202,0,0.5,-0.5,-0.25,-0.5,-0.25
930,122,101,-1,0.5,-0.5,-0.25,0.5,0.25
931,128,108,0,0.5,-0.5,-0.25,0.5,0.25
932,121,203,0,0.5,-0.5,-0.25,-0.5,-0.25
933,120,207,0,0.5,-0.5,-0.25,-0.5,-0.25
934,124,104,0,0.5,-0.5,-0.25,0.5,0.25
935,129,107,-1,0.5,-0.5,-0.25,0.5,0.25
936,128,204,0,0.5,-0.5,-0.25,-0.5,-0.25
937,124,207,0,0.5,-0.5,-0.25,-0.5,-0.25
938,123,205,0,0.5,-0.5,-0.25,-0.5,-0.25
939,121,201,0,0.5,-0.5,-0.25,-0.5,-0.25
940,128,208,0,0.5,-0.5,-0.25,-0.5,-0.25
941,125,106,-1,0.5,-0.5,-0.25,0.5,0.25
942,124,106,0,0.5,-0.5,-0.25,0.5,0.25
943,129,104,-1,0.5,-0.5,-0.25,0.5,0.25
944,122,103,-1,0.5,-0.5,-0.25,0.5,0.25
945,126,103,-1,0.5,-0.5,-0.25,0.5,0.25
946,120,106,-1,0.5,-0.5,-0.25,0.5,0.25
947,122,205,0,0.5,-0.5,-0.25,-0.5,-0.25
948,121,206,-1,0.5,-0.5,-0.25,-0.5,-0.25
949,126,102,-1,0.5,-0.5,-0.25,0.5,0.25
950,120,108,-1,0.5,-0.5,-0.25,0.5,0.25
951,123,206,0,0.5,-0.5,-0.25,-0.5,-0.25
952,120,201,0,0.5,-0.5,-0.25,-0.5,-0.25
953,135,105,-1,0.5,-0.5,-0.25,0.5,0.25
954,125,205,0,0.5,-0.5,-0.25,-0.5,-0.25
955,128,103,0,0.5,-0.5,-0.25,0.5,0.25
956,122,206,0,0.5,-0.5,-0.25,-0.5,-0.25
957,124,203,0,0.5,-0.5,-0.25,-0.5,-0.25
958,135,206,0,0.5,-0.5,-0.25,-0.5,-0.25
959,138,208,0,0.5,-0.5,-0.25,-0.5,-0.25
960,121,208,0,0.5,-0.5,-0.25,-0.5,-0.25
961,123,208,0,0.5,-0.5,-0.25,-0.5,-0.25
962,134,203,0,0.5,-0.5,-0.25,-0.5,-0.25
963,129,108,-1,0.5,-0.5,-0.25,0.5,0.25
964,128,207,0,0.5,-0.5,-0.25,-0.5,-0.25
965,125,204,0,0.5,-0.5,-0.25,-0.5,-0.25
966,123,104,0,0.5,-0.5,-0.25,0.5,0.25
967,128,101,0,0.5,-0.5,-0.25,0.5,0.25
968,129,204,0,0.5,-0.5,-0.25,-0.5,-0.25
969,120,107,0,0.5,-0.5,-0.25,0.5,0.25
970,134,202,0,0.5,-0.5,-0.25,-0.5,-0.25
971,125,207,0,0.5,-0.5,-0.25,-0.5,-0.25
972,121,108,0,0.5,-0.5,-0.25,0.5,0.25
973,135,202,0,0.5,-0.5,-0.25,-0.5,-0.25
974,137,201,0,0.5,-0.5,-0.25,-0.5,-0.25
975,138,201,0,0.5,-0.5,-0.25,-0.5,-0.25
976,135,108,0,0.5,-0.5,-0.25,0.5,0.25
977,137,205,0,0.5,-0.5,-0.25,-0.5,-0.25
978,129,201,0,0.5,-0.5,-0.25,-0.5,-0.25
979,125,201,0,0.5,-0.5,-0.25,-0.5,-0.25
980,135,203,0,0.5,-0.5,-0.25,-0.5,-0.25
981,134,105,0,0.5,-0.5,-0.25,0.5,0.25
982,123,201,0,0.5,-0.5,-0.25,-0.5,-0.25
983,121,102,0,0.5,-0.5,-0.25,0.5,0.25
984,124,202,0,0.5,-0.5,-0.25,-0.5,-0.25
985,137,204,0,0.5,-0.5,-0.25,-0.5,-0.25
986,123,207,0,0.5,-0.5,-0.25,-0.5,-0.25
987,124,208,0,0.5,-0.5,-0.25,-0.5,-0.25
988,135,106,0,0.5,-0.5,-0.25,0.5,0.25
989,129,106,-1,0.5,-0.5,-0.25,0.5,0.25
990,134,201,0,0.5,-0.5,-0.25,-0.5,-0.25
991,123,202,0,0.5,-0.5,-0.25,-0.5,-0.25
992,126,104,-1,0.5,-0.5,-0.25,0.5,0.25
993,137,102,-1,0.5,-0.5,-0.25,0.5,0.25
994,138,108,-1,0.5,-0.5,-0.25,0.5,0.25
995,124,107,0,0.5,-0.5,-0.25,0.5,0.25
996,137,208,0,0.5,-0.5,-0.25,-0.5,-0.25
997,126,205,0,0.5,-0.5,-0.25,-0.5,-0.25
998,138,206,0,0.5,-0.5,-0.25,-0.5,-0.25
999,120,203,0,0.5,-0.5,-0.25,-0.5,-0.25
1000,128,102,0,0.5,-0.5,-0.25,0.5,0.25
1001,129,206,0,0.5,-0.5,-0.25,-0.5,-0.25
1002,126,207,0,0.5,-0.5,-0.25,-0.5,-0.25
1003,128,203,0,0.5,-0.5,-0.25,-0.5,-0.25
1004,134,106,-1,0.5,-0.5,-0.25,0.5,0.25
1005,124,204,0,0.5,-0.5,-0.25,-0.5,-0.25
1006,128,202,0,0.5,-0.5,-0.25,-0.5,-0.25
1007,138,103,-1,0.5,-0.5,-0.25,0.5,0.25
1008,137,206,0,0.5,-0.5,-0.25,-0.5,-0.25
1009,126,107,0,0.5,-0.5,-0.25,0.5,0.25
1010,138,106,0,0.5,-0.5,-0.25,0.5,0.25
1011,123,101,0,0.5,-0.5,-0.25,0.5,0.25
1012,137,103,-1,0.5,-0.5,-0.25,0.5,0.25
1013,137,107,0,0.5,-0.5,-0.25,0.5,0.25
1014,138,204,0,0.5,-0.5,-0.25,-0.5,-0.25
1015,137,104,0,0.5,-0.5,-0.25,0.5,0.25
1016,129,202,0,0.5,-0.5,-0.25,-0.5,-0.25
1017,135,201,0,0.5,-0.5,-0.25,-0.5,-0.25
1018,135,102,0,0.5,-0.5,-0.25,0.5,0.25
1019,138,202,0,0.5,-0.5,-0.25,-0.5,-0.25
1020,137,101,0,0.5,-0.5,-0.25,0.5,0.25
1021,134,103,0,0.5,-0.5,-0.25,0.5,0.25
1022,126,202,-1,0.5,-0.5,-0.25,-0.5,-0.25
1023,135,205,0,0.5,-0.5,-0.25,-0.5,-0.25
1024,123,106,0,0.5,-0.5,-0.25,0.5,0.25
1025,126,105,0,0.5,-0.5,-0.25,0.5,0.25
1026,134,108,0,0.5,-0.5,-0.25,0.5,0.25
1027,140,206,0,0.5,-0.5,-0.25,-0.5,-0.25
1028,140,103,-1,0.5,-0.5,-0.25,0.5,0.25
1029,138,104,0,0.5,-0.5,-0.25,0.5,0.25
1030,137,108,0,0.5,-0.5,-0.25,0.5,0.25
1031,140,205,0,0.5,-0.5,-0.25,-0.5,-0.25
1032,138,203,0,0.5,-0.5,-0.25,-0.5,-0.25
1033,135,101,0,0.5,-0.5,-0.25,0.5,0.25
1034,138,101,0,0.5,-0.5,-0.25,0.5,0.25
1035,126,101,0,0.5,-0.5,-0.25,0.5,0.25
1036,134,207,0,0.5,-0.5,-0.25,-0.5,-0.25
1037,137,202,0,0.5,-0.5,-0.25,-0.5,-0.25
1038,134,204,0,0.5,-0.5,-0.25,-0.5,-0.25
1039,137,203,0,0.5,-0.5,-0.25,-0.5,-0.25
1040,140,107,-1,0.5,-0.5,-0.25,0.5,0.25
1041,138,107,0,0.5,-0.5,-0.25,0.5,0.25
1042,140,201,0,0.5,-0.5,-0.25,-0.5,-0.25
1043,135,208,0,0.5,-0.5,-0.25,-0.5,-0.25
1044,138,105,0,0.5,-0.5,-0.25,0.5,0.25
1045,129,205,0,0.5,-0.5,-0.25,-0.5,-0.25
1046,135,103,0,0.5,-0.5,-0.25,0.5,0.25
1047,134,101,0,0.5,-0.5,-0.25,0.5,0.25
1048,137,106,0,0.5,-0.5,-0.25,0.5,0.25
1049,138,102,-1,0.5,-0.5,-0.25,0.5,0.25
1050,137,105,0,0.5,-0.5,-0.25,0.5,0.25
1051,129,105,0,0.5,-0.5,-0.25,0.5,0.25
1052,140,108,-1,0.5,-0.5,-0.25,0.5,0.25
1053,135,107,0,0.5,-0.5,-0.25,0.5,0.25
1054,126,106,0,0.5,-0.5,-0.25,0.5,0.25
1055,137,207,0,0.5,-0.5,-0.25,-0.5,-0.25
1056,134,107,0,0.5,-0.5,-0.25,0.5,0.25
1057,129,203,0,0.5,-0.5,-0.25,-0.5,-0.25
1058,134,205,0,0.5,-0.5,-0.25,-0.5,-0.25
1059,126,208,0,0.5,-0.5,-0.25,-0.5,-0.25
1060,135,104,0,0.5,-0.5,-0.25,0.5,0.25
1061,140,101,-1,0.5,-0.5,-0.25,0.5,0.25
1062,140,105,0,0.5,-0.5,-0.25,0.5,0.25
1063,133,208,0,0.5,-0.5,-0.25,-0.5,-0.25
1064,134,206,0,0.5,-0.5,-0.25,-0.5,-0.25
1065,136,201,0,0.5,-0.5,-0.25,-0.5,-0.25
1066,135,204,0,0.5,-0.5,-0.25,-0.5,-0.25
1067,129,102,-1,0.5,-0.5,-0.25,0.5,0.25
1068,145,203,0,0.5,-0.5,-0.25,-0.5,-0.25
1069,135,207,0,0.5,-0.5,-0.25,-0.5,-0.25
1070,138,207,0,0.5,-0.5,-0.25,-0.5,-0.25
1071,145,208,0,0.5,-0.5,-0.25,-0.5,-0.25
1072,136,205,0,0.5,-0.5,-0.25,-0.5,-0.25
1073,141,105,0,0.5,-0.5,-0.25,0.5,0.25
1074,138,205,0,0.5,-0.5,-0.25,-0.5,-0.25
1075,134,104,0,0.5,-0.5,-0.25,0.5,0.25
1076,145,105,0,0.5,-0.5,-0.25,0.5,0.25
1077,126,203,0,0.5,-0.5,-0.25,-0.5,-0.25
1078,129,103,-1,0.5,-0.5,-0.25,0.5,0.25
1079,145,108,0,0.5,-0.5,-0.25,0.5,0.25
1080,142,103,-1,0.5,-0.5,-0.25,0.5,0.25
1081,126,204,0,0.5,-0.5,-0.25,-0.5,-0.25
1082,141,208,0,0.5,-0.5,-0.25,-0.5,-0.25
1083,136,103,-1,0.5,-0.5,-0.25,0.5,0.25
1084,134,208,0,0.5,-0.5,-0.25,-0.5,-0.25
1085,133,108,-1,0.5,-0.5,-0.25,0.5,0.25
1086,129,208,0,0.5,-0.5,-0.25,-0.5,-0.25
1087,126,201,0,0.5,-0.5,-0.25,-0.5,-0.25
1088,134,102,-1,0.5,-0.5,-0.25,0.5,0.25
1089,129,101,0,0.5,-0.5,-0.25,0.5,0.25
1090,126,108,0,0.5,-0.5,-0.25,0.5,0.25
1091,141,104,0,0.5,-0.5,-0.25,0.5,0.25
1092,129,207,-1,0.5,-0.5,-0.25,-0.5,-0.25
1093,133,207,0,0.5,-0.5,-0.25,-0.5,-0.25
1094,142,101,-1,0.5,-0.5,-0.25,0.5,0.25
1095,136,204,0,0.5,-0.5,-0.25,-0.5,-0.25
1096,126,206,0,0.5,-0.5,-0.25,-0.5,-0.25
1097,145,107,-1,0.5,-0.5,-0.25,0.5,0.25
1098,136,106,0,0.5,-0.5,-0.25,0.5,0.25
1099,142,205,0,0.5,-0.5,-0.25,-0.5,-0.25
1100,145,207,0,0.5,-0.5,-0.25,-0.5,-0.25
1101,140,208,0,0.5,-0.5,-0.25,-0.5,-0.25
1102,145,205,0,0.5,-0.5,-0.25,-0.5,-0.25
1103,142,102,-1,0.5,-0.5,-0.25,0.5,0.25
1104,141,108,0,0.5,-0.5,-0.25,0.5,0.25
1105,145,206,0,0.5,-0.5,-0.25,-0.5,-0.25
1106,141,106,0,0.5,-0.5,-0.25,0.5,0.25
1107,140,106,0,0.5,-0.5,-0.25,0.5,0.25
1108,142,104,0,0.5,-0.5,-0.25,0.5,0.25
1109,140,204,0,0.5,-0.5,-0.25,-0.5,-0.25
1110,145,201,0,0.5,-0.5,-0.25,-0.5,-0.25
1111,133,204,0,0.5,-0.5,-0.25,-0.5,-0.25
1112,143,206,0,0.5,-0.5,-0.25,-0.5,-0.25
1113,140,104,0,0.5,-0.5,-0.25,0.5,0.25
1114,142,105,0,0.5,-0.5,-0.25,0.5,0.25
1115,141,203,0,0.5,-0.5,-0.25,-0.5,-0.25
1116,140,203,0,0.5,-0.5,-0.25,-0.5,-0.25
1117,145,104,0,0.5,-0.5,-0.25,0.5,0.25
1118,143,203,0,0.5,-0.5,-0.25,-0.5,-0.25
1119,136,202,0,0.5,-0.5,-0.25,-0.5,-0.25
1120,142,203,0,0.5,-0.5,-0.25,-0.5,-0.25
1121,141,205,0,0.5,-0.5,-0.25,-0.5,-0.25
1122,140,207,0,0.5,-0.5,-0.25,-0.5,-0.25
1123,143,105,-1,0.5,-0.5,-0.25,0.5,0.25
1124,140,202,0,0.5,-0.5,-0.25,-0.5,-0.25
1125,141,204,0,0.5,-0.5,-0.25,-0.5,-0.25
1126,141,206,0,0.5,-0.5,-0.25,-0.5,-0.25
1127,143,101,0,0.5,-0.5,-0.25,0.5,0.25
1128,136,108,-1,0.5,-0.5,-0.25,0.5,0.25
1129,141,102,-1,0.5,-0.5,-0.25,0.5,0.25
1130,145,103,0,0.5,-0.5,-0.25,0.5,0.25
1131,133,203,0,0.5,-0.5,-0.25,-0.5,-0.25
1132,140,102,-1,0.5,-0.5,-0.25,0.5,0.25
1133,145,204,0,0.5,-0.5,-0.25,-0.5,-0.25
1134,141,207,0,0.5,-0.5,-0.25,-0.5,-0.25
1135,136,206,0,0.5,-0.5,-0.25,-0.5,-0.25
1136,141,202,0,0.5,-0.5,-0.25,-0.5,-0.25
1137,142,204,0,0.5,-0.5,-0.25,-0.5,-0.25
1138,133,205,0,0.5,-0.5,-0.25,-0.5,-0.25
1139,136,107,-1,0.5,-0.5,-0.25,0.5,0.25
1140,141,107,0,0.5,-0.5,-0.25,0.5,0.25
1141,142,202,0,0.5,-0.5,-0.25,-0.5,-0.25
1142,136,102,-1,0.5,-0.5,-0.25,0.5,0.25
1143,153,207,0,0.5,-0.5,-0.25,-0.5,-0.25
1144,136,208,0,0.5,-0.5,-0.25,-0.5,-0.25
1145,143,208,0,0.5,-0.5,-0.25,-0.5,-0.25
1146,142,207,0,0.5,-0.5,-0.25,-0.5,-0.25
1147,145,202,0,0.5,-0.5,-0.25,-0.5,-0.25
1148,133,103,-1,0.5,-0.5,-0.25,0.5,0.25
1149,141,201,0,0.5,-0.5,-0.25,-0.5,-0.25
1150,141,103,0,0.5,-0.5,-0.25,0.5,0.25
1151,136,203,0,0.5,-0.5,-0.25,-0.5,-0.25
1152,143,103,-1,0.5,-0.5,-0.25,0.5,0.25
1153,133,102,0,0.5,-0.5,-0.25,0.5,0.25
1154,142,201,0,0.5,-0.5,-0.25,-0.5,-0.25
1155,153,206,0,0.5,-0.5,-0.25,-0.5,-0.25
1156,145,102,0,0.5,-0.5,-0.25,0.5,0.25
1157,133,206,0,0.5,-0.5,-0.25,-0.5,-0.25
1158,145,101,0,0.5,-0.5,-0.25,0.5,0.25
1159,141,101,0,0.5,-0.5,-0.25,0.5,0.25
1160,153,208,0,0.5,-0.5,-0.25,-0.5,-0.25
1161,136,105,-1,0.5,-0.5,-0.25,0.5,0.25
1162,133,201,0,0.5,-0.5,-0.25,-0.5,-0.25
1163,153,101,0,0.5,-0.5,-0.25,0.5,0.25
1164,142,206,0,0.5,-0.5,-0.25,-0.5,-0.25
1165,133,106,0,0.5,-0.5,-0.25,0.5,0.25
1166,143,104,-1,0.5,-0.5,-0.25,0.5,0.25
1167,145,106,0,0.5,-0.5,-0.25,0.5,0.25
1168,153,205,0,0.5,-0.5,-0.25,-0.5,-0.25
1169,152,108,0,0.5,-0.5,-0.25,0.5,0.25
1170,133,202,0,0.5,-0.5,-0.25,-0.5,-0.25
1171,136,207,0,0.5,-0.5,-0.25,-0.5,-0.25
1172,143,106,-1,0.5,-0.5,-0.25,0.5,0.25
1173,136,104,0,0.5,-0.5,-0.25,0.5,0.25
1174,153,108,0,0.5,-0.5,-0.25,0.5,0.25
1175,143,102,-1,0.5,-0.5,-0.25,0.5,0.25
1176,133,107,0,0.5,-0.5,-0.25,0.5,0.25
1177,152,101,0,0.5,-0.5,-0.25,0.5,0.25
1178,149,101,-1,0.5,-0.5,-0.25,0.5,0.25
1179,153,204,0,0.5,-0.5,-0.25,-0.5,-0.25
1180,142,108,-1,0.5,-0.5,-0.25,0.5,0.25
1181,133,105,0,0.5,-0.5,-0.25,0.5,0.25
1182,136,101,0,0.5,-0.5,-0.25,0.5,0.25
1183,149,206,0,0.5,-0.5,-0.25,-0.5,-0.25
1184,153,103,-1,0.5,-0.5,-0.25,0.5,0.25
1185,152,102,0,0.5,-0.5,-0.25,0.5,0.25
1186,149,208,0,0.5,-0.5,-0.25,-0.5,-0.25
1187,152,107,0,0.5,-0.5,-0.25,0.5,0.25
1188,143,201,-1,0.5,-0.5,-0.25,-0.5,-0.25
1189,143,107,-1,0.5,-0.5,-0.25,0.5,0.25
1190,149,103,-1,0.5,-0.5,-0.25,0.5,0.25
1191,142,107,-1,0.5,-0.5,-0.25,0.5,0.25
1192,153,107,0,0.5,-0.5,-0.25,0.5,0.25
1193,152,208,0,0.5,-0.5,-0.25,-0.5,-0.25
1194,143,207,0,0.5,-0.5,-0.25,-0.5,-0.25
1195,142,106,0,0.5,-0.5,-0.25,0.5,0.25
1196,149,104,0,0.5,-0.5,-0.25,0.5,0.25
1197,146,105,0,0.5,-0.5,-0.25,0.5,0.25
1198,143,205,0,0.5,-0.5,-0.25,-0.5,-0.25
1199,156,206,0,0.5,-0.5,-0.25,-0.5,-0.25
1200,142,208,0,0.5,-0.5,-0.25,-0.5,-0.25
1201,152,104,0,0.5,-0.5,-0.25,0.5,0.25
1202,158,106,0,0.5,-0.5,-0.25,0.5,0.25
1203,153,106,0,0.5,-0.5,-0.25,0.5,0.25
1204,139,207,0,0.5,-0.5,-0.25,-0.5,-0.25
1205,156,108,0,0.5,-0.5,-0.25,0.5,0.25
1206,133,104,0,0.5,-0.5,-0.25,0.5,0.25
1207,149,105,0,0.5,-0.5,-0.25,0.5,0.25
1208,143,204,0,0.5,-0.5,-0.25,-0.5,-0.25
1209,133,101,0,0.5,-0.5,-0.25,0.5,0.25
1210,156,204,0,0.5,-0.5,-0.25,-0.5,-0.25
1211,139,202,0,0.5,-0.5,-0.25,-0.5,-0.25
1212,146,104,0,0.5,-0.5,-0.25,0.5,0.25
1213,143,108,-1,0.5,-0.5,-0.25,0.5,0.25
1214,153,104,0,0.5,-0.5,-0.25,0.5,0.25
1215,156,208,0,0.5,-0.5,-0.25,-0.5,-0.25
1216,158,101,0,0.5,-0.5,-0.25,0.5,0.25
1217,153,203,0,0.5,-0.5,-0.25,-0.5,-0.25
1218,139,104,0,0.5,-0.5,-0.25,0.5,0.25
1219,143,202,0,0.5,-0.5,-0.25,-0.5,-0.25
1220,160,104,0,0.5,-0.5,-0.25,0.5,0.25
1221,152,204,0,0.5,-0.5,-0.25,-0.5,-0.25
1222,153,201,0,0.5,-0.5,-0.25,-0.5,-0.25
1223,149,205,0,0.5,-0.5,-0.25,-0.5,-0.25
1224,152,205,0,0.5,-0.5,-0.25,-0.5,-0.25
1225,158,201,0,0.5,-0.5,-0.25,-0.5,-0.25
1226,146,202,0,0.5,-0.5,-0.25,-0.5,-0.25
1227,149,201,0,0.5,-0.5,-0.25,-0.5,-0.25
1228,152,202,0,0.5,-0.5,-0.25,-0.5,-0.25
1229,146,208,0,0.5,-0.5,-0.25,-0.5,-0.25
1230,153,202,0,0.5,-0.5,-0.25,-0.5,-0.25
1231,158,202,0,0.5,-0.5,-0.25,-0.5,-0.25
1232,139,108,0,0.5,-0.5,-0.25,0.5,0.25
1233,160,106,0,0.5,-0.5,-0.25,0.5,0.25
1234,149,207,0,0.5,-0.5,-0.25,-0.5,-0.25
1235,146,108,0,0.5,-0.5,-0.25,0.5,0.25
1236,158,206,0,0.5,-0.5,-0.25,-0.5,-0.25
1237,160,207,0,0.5,-0.5,-0.25,-0.5,-0.25
1238,156,103,0,0.5,-0.5,-0.25,0.5,0.25
1239,139,106,0,0.5,-0.5,-0.25,0.5,0.25
1240,149,204,-1,0.5,-0.5,-0.25,-0.5,-0.25
1241,146,204,0,0.5,-0.5,-0.25,-0.5,-0.25
1242,160,108,0,0.5,-0.5,-0.25,0.5,0.25
1243,156,205,0,0.5,-0.5,-0.25,-0.5,-0.25
1244,152,201,0,0.5,-0.5,-0.25,-0.5,-0.25
1245,153,105,0,0.5,-0.5,-0.25,0.5,0.25
1246,160,102,0,0.5,-0.5,-0.25,0.5,0.25
1247,156,203,0,0.5,-0.5,-0.25,-0.5,-0.25
1248,164,101,-1,0.5,-0.5,-0.25,0.5,0.25
1249,146,205,0,0.5,-0.5,-0.25,-0.5,-0.25
1250,153,102,0,0.5,-0.5,-0.25,0.5,0.25
1251,152,105,0,0.5,-0.5,-0.25,0.5,0.25
1252,158,203,0,0.5,-0.5,-0.25,-0.5,-0.25
1253,149,202,0,0.5,-0.5,-0.25,-0.5,-0.25
1254,162,107,-1,0.5,-0.5,-0.25,0.5,0.25
1255,139,206,0,0.5,-0.5,-0.25,-0.5,-0.25
1256,158,102,0,0.5,-0.5,-0.25,0.5,0.25
1257,160,206,0,0.5,-0.5,-0.25,-0.5,-0.25
1258,149,106,0,0.5,-0.5,-0.25,0.5,0.25
1259,146,102,0,0.5,-0.5,-0.25,0.5,0.25
1260,149,102,0,0.5,-0.5,-0.25,0.5,0.25
1261,165,108,0,0.5,-0.5,-0.25,0.5,0.25
1262,162,207,0,0.5,-0.5,-0.25,-0.5,-0.25
1263,158,103,-1,0.5,-0.5,-0.25,0.5,0.25
1264,164,102,0,0.5,-0.5,-0.25,0.5,0.25
1265,139,101,0,0.5,-0.5,-0.25,0.5,0.25
1266,146,203,0,0.5,-0.5,-0.25,-0.5,-0.25
1267,156,202,0,0.5,-0.5,-0.25,-0.5,-0.25
1268,156,106,0,0.5,-0.5,-0.25,0.5,0.25
1269,158,107,0,0.5,-0.5,-0.25,0.5,0.25
1270,160,202,0,0.5,-0.5,-0.25,-0.5,-0.25
1271,162,105,0,0.5,-0.5,-0.25,0.5,0.25
1272,164,206,0,0.5,-0.5,-0.25,-0.5,-0.25
1273,149,203,0,0.5,-0.5,-0.25,-0.5,-0.25
1274,152,106,0,0.5,-0.5,-0.25,0.5,0.25
1275,162,201,0,0.5,-0.5,-0.25,-0.5,-0.25
1276,160,201,0,0.5,-0.5,-0.25,-0.5,-0.25
1277,146,107,0,0.5,-0.5,-0.25,0.5,0.25
1278,164,201,0,0.5,-0.5,-0.25,-0.5,-0.25
1279,158,208,0,0.5,-0.5,-0.25,-0.5,-0.25
1280,165,207,0,0.5,-0.5,-0.25,-0.5,-0.25
1281,139,205,0,0.5,-0.5,-0.25,-0.5,-0.25
1282,146,201,0,0.5,-0.5,-0.25,-0.5,-0.25
1283,162,202,0,0.5,-0.5,-0.25,-0.5,-0.25
1284,146,106,0,0.5,-0.5,-0.25,0.5,0.25
1285,160,205,0,0.5,-0.5,-0.25,-0.5,-0.25
1286,162,208,0,0.5,-0.5,-0.25,-0.5,-0.25
1287,165,107,0,0.5,-0.5,-0.25,0.5,0.25
1288,158,207,0,0.5,-0.5,-0.25,-0.5,-0.25
1289,139,203,0,0.5,-0.5,-0.25,-0.5,-0.25
1290,160,107,0,0.5,-0.5,-0.25,0.5,0.25
1291,164,107,0,0.5,-0.5,-0.25,0.5,0.25
1292,156,105,0,0.5,-0.5,-0.25,0.5,0.25
1293,152,203,0,0.5,-0.5,-0.25,-0.5,-0.25
1294,165,208,-1,0.5,-0.5,-0.25,-0.5,-0.25
1295,146,103,0,0.5,-0.5,-0.25,0.5,0.25
1296,149,108,0,0.5,-0.5,-0.25,0.5,0.25
1297,164,203,0,0.5,-0.5,-0.25,-0.5,-0.25
1298,139,107,0,0.5,-0.5,-0.25,0.5,0.25
1299,160,101,0,0.5,-0.5,-0.25,0.5,0.25
1300,162,103,-1,0.5,-0.5,-0.25,0.5,0.25
1301,165,204,0,0.5,-0.5,-0.25,-0.5,-0.25
1302,152,103,0,0.5,-0.5,-0.25,0.5,0.25
1303,158,105,0,0.5,-0.5,-0.25,0.5,0.25
1304,165,105,0,0.5,-0.5,-0.25,0.5,0.25
1305,146,207,0,0.5,-0.5,-0.25,-0.5,-0.25
1306,139,204,0,0.5,-0.5,-0.25,-0.5,-0.25
1307,165,206,0,0.5,-0.5,-0.25,-0.5,-0.25
1308,162,104,0,0.5,-0.5,-0.25,0.5,0.25
1309,160,204,0,0.5,-0.5,-0.25,-0.5,-0.25
1310,152,206,0,0.5,-0.5,-0.25,-0.5,-0.25
1311,158,108,0,0.5,-0.5,-0.25,0.5,0.25
1312,146,206,0,0.5,-0.5,-0.25,-0.5,-0.25
1313,152,207,0,0.5,-0.5,-0.25,-0.5,-0.25
1314,160,103,0,0.5,-0.5,-0.25,0.5,0.25
1315,156,201,0,0.5,-0.5,-0.25,-0.5,-0.25
1316,139,102,0,0.5,-0.5,-0.25,0.5,0.25
1317,160,208,-1,0.5,-0.5,-0.25,-0.5,-0.25
1318,162,108,0,0.5,-0.5,-0.25,0.5,0.25
1319,158,104,0,0.5,-0.5,-0.25,0.5,0.25
1320,164,106,0,0.5,-0.5,-0.25,0.5,0.25
1321,156,102,0,0.5,-0.5,-0.25,0.5,0.25
1322,149,107,0,0.5,-0.5,-0.25,0.5,0.25
1323,158,205,0,0.5,-0.5,-0.25,-0.5,-0.25
1324,164,104,0,0.5,-0.5,-0.25,0.5,0.25
1325,156,207,0,0.5,-0.5,-0.25,-0.5,-0.25
1326,165,102,0,0.5,-0.5,-0.25,0.5,0.25
1327,146,101,0,0.5,-0.5,-0.25,0.5,0.25
1328,166,107,-1,0.5,-0.5,-0.25,0.5,0.25
1329,156,107,0,0.5,-0.5,-0.25,0.5,0.25
1330,158,204,0,0.5,-0.5,-0.25,-0.5,-0.25
1331,139,105,0,0.5,-0.5,-0.25,0.5,0.25
1332,156,101,0,0.5,-0.5,-0.25,0.5,0.25
1333,162,101,0,0.5,-0.5,-0.25,0.5,0.25
1334,164,108,0,0.5,-0.5,-0.25,0.5,0.25
1335,159,107,-1,0.5,-0.5,-0.25,0.5,0.25
1336,139,103,0,0.5,-0.5,-0.25,0.5,0.25
1337,156,104,0,0.5,-0.5,-0.25,0.5,0.25
1338,166,208,0,0.5,-0.5,-0.25,-0.5,-0.25
1339,159,201,0,0.5,-0.5,-0.25,-0.5,-0.25
1340,154,201,0,0.5,-0.5,-0.25,-0.5,-0.25
1341,166,204,0,0.5,-0.5,-0.25,-0.5,-0.25
1342,164,103,-1,0.5,-0.5,-0.25,0.5,0.25
1343,139,208,0,0.5,-0.5,-0.25,-0.5,-0.25
1344,162,203,0,0.5,-0.5,-0.25,-0.5,-0.25
1345,164,207,0,0.5,-0.5,-0.25,-0.5,-0.25
1346,160,105,0,0.5,-0.5,-0.25,0.5,0.25
1347,139,201,0,0.5,-0.5,-0.25,-0.5,-0.25
1348,162,106,0,0.5,-0.5,-0.25,0.5,0.25
1349,154,103,-1,0.5,-0.5,-0.25,0.5,0.25
1350,168,107,0,0.5,-0.5,-0.25,0.5,0.25
1351,162,206,0,0.5,-0.5,-0.25,-0.5,-0.25
1352,166,105,0,0.5,-0.5,-0.25,0.5,0.25
1353,160,203,0,0.5,-0.5,-0.25,-0.5,-0.25
1354,159,103,-1,0.5,-0.5,-0.25,0.5,0.25
1355,165,201,0,0.5,-0.5,-0.25,-0.5,-0.25
1356,168,206,0,0.5,-0.5,-0.25,-0.5,-0.25
1357,162,204,0,0.5,-0.5,-0.25,-0.5,-0.25
1358,165,103,0,0.5,-0.5,-0.25,0.5,0.25
1359,168,103,0,0.5,-0.5,-0.25,0.5,0.25
1360,168,102,0,0.5,-0.5,-0.25,0.5,0.25
1361,166,106,-1,0.5,-0.5,-0.25,0.5,0.25
1362,159,207,0,0.5,-0.5,-0.25,-0.5,-0.25
1363,154,107,-1,0.5,-0.5,-0.25,0.5,0.25
1364,164,208,0,0.5,-0.5,-0.25,-0.5,-0.25
1365,165,106,0,0.5,-0.5,-0.25,0.5,0.25
1366,168,106,0,0.5,-0.5,-0.25,0.5,0.25
1367,164,105,0,0.5,-0.5,-0.25,0.5,0.25
1368,165,203,0,0.5,-0.5,-0.25,-0.5,-0.25
1369,162,205,0,0.5,-0.5,-0.25,-0.5,-0.25
1370,164,204,0,0.5,-0.5,-0.25,-0.5,-0.25
1371,168,204,-1,0.5,-0.5,-0.25,-0.5,-0.25
1372,154,206,0,0.5,-0.5,-0.25,-0.5,-0.25
1373,165,202,0,0.5,-0.5,-0.25,-0.5,-0.25
1374,168,203,0,0.5,-0.5,-0.25,-0.5,-0.25
1375,166,201,0,0.5,-0.5,-0.25,-0.5,-0.25
1376,162,102,0,0.5,-0.5,-0.25,0.5,0.25
1377,165,104,0,0.5,-0.5,-0.25,0.5,0.25
1378,154,104,-1,0.5,-0.5,-0.25,0.5,0.25
1379,164,205,0,0.5,-0.5,-0.25,-0.5,-0.25
1380,154,204,0,0.5,-0.5,-0.25,-0.5,-0.25
1381,159,104,0,0.5,-0.5,-0.25,0.5,0.25
1382,165,101,0,0.5,-0.5,-0.25,0.5,0.25
1383,164,202,0,0.5,-0.5,-0.25,-0.5,-0.25
1384,165,205,0,0.5,-0.5,-0.25,-0.5,-0.25
1385,159,106,0,0.5,-0.5,-0.25,0.5,0.25
1386,167,204,0,0.5,-0.5,-0.25,-0.5,-0.25
1387,159,102,0,0.5,-0.5,-0.25,0.5,0.25
1388,166,102,-1,0.5,-0.5,-0.25,0.5,0.25
1389,167,208,0,0.5,-0.5,-0.25,-0.5,-0.25
1390,154,106,-1,0.5,-0.5,-0.25,0.5,0.25
1391,166,202,0,0.5,-0.5,-0.25,-0.5,-0.25
1392,159,208,0,0.5,-0.5,-0.25,-0.5,-0.25
1393,166,101,-1,0.5,-0.5,-0.25,0.5,0.25
1394,159,206,0,0.5,-0.5,-0.25,-0.5,-0.25
1395,159,204,0,0.5,-0.5,-0.25,-0.5,-0.25
1396,167,108,-1,0.5,-0.5,-0.25,0.5,0.25
1397,154,101,-1,0.5,-0.5,-0.25,0.5,0.25
1398,167,201,0,0.5,-0.5,-0.25,-0.5,-0.25
1399,159,203,0,0.5,-0.5,-0.25,-0.5,-0.25
1400,168,101,0,0.5,-0.5,-0.25,0.5,0.25
1401,166,207,0,0.5,-0.5,-0.25,-0.5,-0.25
1402,167,207,0,0.5,-0.5,-0.25,-0.5,-0.25
1403,168,104,0,0.5,-0.5,-0.25,0.5,0.25
1404,168,201,0,0.5,-0.5,-0.25,-0.5,-0.25
1405,144,201,-1,0.5,-0.5,-0.25,-0.5,-0.25
1406,159,108,0,0.5,-0.5,-0.25,0.5,0.25
1407,166,206,0,0.5,-0.5,-0.25,-0.5,-0.25
1408,167,101,-1,0.5,-0.5,-0.25,0.5,0.25
1409,168,108,0,0.5,-0.5,-0.25,0.5,0.25
1410,144,101,-1,0.5,-0.5,-0.25,0.5,0.25
1411,167,206,0,0.5,-0.5,-0.25,-0.5,-0.25
1412,154,205,0,0.5,-0.5,-0.25,-0.5,-0.25
1413,166,108,-1,0.5,-0.5,-0.25,0.5,0.25
1414,167,107,-1,0.5,-0.5,-0.25,0.5,0.25
1415,167,102,-1,0.5,-0.5,-0.25,0.5,0.25
1416,168,202,0,0.5,-0.5,-0.25,-0.5,-0.25
1417,167,105,0,0.5,-0.5,-0.25,0.5,0.25
1418,166,103,-1,0.5,-0.5,-0.25,0.5,0.25
1419,154,207,0,0.5,-0.5,-0.25,-0.5,-0.25
1420,175,106,-1,0.5,-0.5,-0.25,0.5,0.25
1421,166,104,-1,0.5,-0.5,-0.25,0.5,0.25
1422,175,108,-1,0.5,-0.5,-0.25,0.5,0.25
1423,154,208,0,0.5,-0.5,-0.25,-0.5,-0.25
1424,168,208,0,0.5,-0.5,-0.25,-0.5,-0.25
1425,159,105,0,0.5,-0.5,-0.25,0.5,0.25
1426,166,205,0,0.5,-0.5,-0.25,-0.5,-0.25
1427,167,205,0,0.5,-0.5,-0.25,-0.5,-0.25
1428,144,106,-1,0.5,-0.5,-0.25,0.5,0.25
1429,168,207,0,0.5,-0.5,-0.25,-0.5,-0.25
1430,167,103,-1,0.5,-0.5,-0.25,0.5,0.25
1431,167,203,0,0.5,-0.5,-0.25,-0.5,-0.25
1432,159,205,0,0.5,-0.5,-0.25,-0.5,-0.25
1433,172,105,0,0.5,-0.5,-0.25,0.5,0.25
1434,166,203,0,0.5,-0.5,-0.25,-0.5,-0.25
1435,159,202,0,0.5,-0.5,-0.25,-0.5,-0.25
1436,168,105,0,0.5,-0.5,-0.25,0.5,0.25
1437,148,103,-1,0.5,-0.5,-0.25,0.5,0.25
1438,154,202,0,0.5,-0.5,-0.25,-0.5,-0.25
1439,175,205,0,0.5,-0.5,-0.25,-0.5,-0.25
1440,154,105,0,0.5,-0.5,-0.25,0.5,0.25
1441,168,205,0,0.5,-0.5,-0.25,-0.5,-0.25
1442,148,208,0,0.5,-0.5,-0.25,-0.5,-0.25
1443,167,106,-1,0.5,-0.5,-0.25,0.5,0.25
1444,172,103,-1,0.5,-0.5,-0.25,0.5,0.25
1445,144,103,-1,0.5,-0.5,-0.25,0.5,0.25
1446,175,201,0,0.5,-0.5,-0.25,-0.5,-0.25
1447,167,202,0,0.5,-0.5,-0.25,-0.5,-0.25
1448,159,101,0,0.5,-0.5,-0.25,0.5,0.25
1449,148,108,-1,0.5,-0.5,-0.25,0.5,0.25
1450,167,104,0,0.5,-0.5,-0.25,0.5,0.25
1451,144,107,-1,0.5,-0.5,-0.25,0.5,0.25
1452,172,201,0,0.5,-0.5,-0.25,-0.5,-0.25
1453,175,102,-1,0.5,-0.5,-0.25,0.5,0.25
1454,172,206,0,0.5,-0.5,-0.25,-0.5,-0.25
1455,175,107,-1,0.5,-0.5,-0.25,0.5,0.25
1456,148,203,0,0.5,-0.5,-0.25,-0.5,-0.25
1457,144,203,0,0.5,-0.5,-0.25,-0.5,-0.25
1458,175,204,0,0.5,-0.5,-0.25,-0.5,-0.25
1459,148,102,-1,0.5,-0.5,-0.25,0.5,0.25
1460,172,101,0,0.5,-0.5,-0.25,0.5,0.25
1461,144,108,-1,0.5,-0.5,-0.25,0.5,0.25
1462,175,207,0,0.5,-0.5,-0.25,-0.5,-0.25
1463,144,207,0,0.5,-0.5,-0.25,-0.5,-0.25
1464,175,203,0,0.5,-0.5,-0.25,-0.5,-0.25
1465,148,105,0,0.5,-0.5,-0.25,0.5,0.25
1466,172,102,0,0.5,-0.5,-0.25,0.5,0.25
1467,171,106,-1,0.5,-0.5,-0.25,0.5,0.25
1468,175,101,-1,0.5,-0.5,-0.25,0.5,0.25
1469,148,104,-1,0.5,-0.5,-0.25,0.5,0.25
1470,175,104,-1,0.5,-0.5,-0.25,0.5,0.25
1471,171,202,-1,0.5,-0.5,-0.25,-0.5,-0.25
1472,148,206,0,0.5,-0.5,-0.25,-0.5,-0.25
1473,175,206,0,0.5,-0.5,-0.25,-0.5,-0.25
1474,130,102,0,0.5,-0.5,-0.25,0.5,0.25
1475,144,206,0,0.5,-0.5,-0.25,-0.5,-0.25
1476,148,201,0,0.5,-0.5,-0.25,-0.5,-0.25
1477,171,103,-1,0.5,-0.5,-0.25,0.5,0.25
1478,172,107,-1,0.5,-0.5,-0.25,0.5,0.25
1479,172,207,0,0.5,-0.5,-0.25,-0.5,-0.25
1480,154,203,0,0.5,-0.5,-0.25,-0.5,-0.25
1481,172,108,0,0.5,-0.5,-0.25,0.5,0.25
1482,175,208,0,0.5,-0.5,-0.25,-0.5,-0.25
1483,144,202,0,0.5,-0.5,-0.25,-0.5,-0.25
1484,130,205,0,0.5,-0.5,-0.25,-0.5,-0.25
1485,170,105,0,0.5,-0.5,-0.25,0.5,0.25
1486,175,103,-1,0.5,-0.5,-0.25,0.5,0.25
1487,172,204,0,0.5,-0.5,-0.25,-0.5,-0.25
1488,144,105,0,0.5,-0.5,-0.25,0.5,0.25
1489,175,202,0,0.5,-0.5,-0.25,-0.5,-0.25
1490,130,101,0,0.5,-0.5,-0.25,0.5,0.25
1491,172,104,0,0.5,-0.5,-0.25,0.5,0.25
1492,144,102,-1,0.5,-0.5,-0.25,0.5,0.25
1493,172,106,0,0.5,-0.5,-0.25,0.5,0.25
1494,175,105,-1,0.5,-0.5,-0.25,0.5,0.25
1495,144,205,0,0.5,-0.5,-0.25,-0.5,-0.25
1496,148,202,0,0.5,-0.5,-0.25,-0.5,-0.25
1497,170,108,-1,0.5,-0.5,-0.25,0.5,0.25
1498,171,201,0,0.5,-0.5,-0.25,-0.5,-0.25
1499,172,203,0,0.5,-0.5,-0.25,-0.5,-0.25
1500,177,208,0,0.5,-0.5,-0.25,-0.5,-0.25
1501,176,107,-1,0.5,-0.5,-0.25,0.5,0.25
1502,154,108,-1,0.5,-0.5,-0.25,0.5,0.25
1503,130,104,-1,0.5,-0.5,-0.25,0.5,0.25
1504,154,102,-1,0.5,-0.5,-0.25,0.5,0.25
1505,171,105,0,0.5,-0.5,-0.25,0.5,0.25
1506,177,104,0,0.5,-0.5,-0.25,0.5,0.25
1507,170,208,0,0.5,-0.5,-0.25,-0.5,-0.25
1508,130,105,-1,0.5,-0.5,-0.25,0.5,0.25
1509,177,107,0,0.5,-0.5,-0.25,0.5,0.25
1510,148,205,0,0.5,-0.5,-0.25,-0.5,-0.25
1511,171,104,0,0.5,-0.5,-0.25,0.5,0.25
1512,130,203,0,0.5,-0.5,-0.25,-0.5,-0.25
1513,170,206,0,0.5,-0.5,-0.25,-0.5,-0.25
1514,144,208,0,0.5,-0.5,-0.25,-0.5,-0.25
1515,148,204,0,0.5,-0.5,-0.25,-0.5,-0.25
1516,172,202,0,0.5,-0.5,-0.25,-0.5,-0.25
1517,176,206,0,0.5,-0.5,-0.25,-0.5,-0.25
1518,170,201,0,0.5,-0.5,-0.25,-0.5,-0.25
1519,171,207,0,0.5,-0.5,-0.25,-0.5,-0.25
1520,172,205,0,0.5,-0.5,-0.25,-0.5,-0.25
1521,170,204,0,0.5,-0.5,-0.25,-0.5,-0.25
1522,172,208,0,0.5,-0.5,-0.25,-0.5,-0.25
1523,148,101,0,0.5,-0.5,-0.25,0.5,0.25
1524,170,202,0,0.5,-0.5,-0.25,-0.5,-0.25
1525,144,204,0,0.5,-0.5,-0.25,-0.5,-0.25
1526,176,205,0,0.5,-0.5,-0.25,-0.5,-0.25
1527,148,207,0,0.5,-0.5,-0.25,-0.5,-0.25
1528,171,107,0,0.5,-0.5,-0.25,0.5,0.25
1529,144,104,-1,0.5,-0.5,-0.25,0.5,0.25
1530,130,103,-1,0.5,-0.5,-0.25,0.5,0.25
1531,171,203,0,0.5,-0.5,-0.25,-0.5,-0.25
1532,178,202,0,0.5,-0.5,-0.25,-0.5,-0.25
1533,178,203,0,0.5,-0.5,-0.25,-0.5,-0.25
1534,130,201,0,0.5,-0.5,-0.25,-0.5,-0.25
1535,148,107,-1,0.5,-0.5,-0.25,0.5,0.25
1536,178,106,-1,0.5,-0.5,-0.25,0.5,0.25
1537,177,106,0,0.5,-0.5,-0.25,0.5,0.25
1538,171,108,0,0.5,-0.5,-0.25,0.5,0.25
1539,176,203,0,0.5,-0.5,-0.25,-0.5,-0.25
1540,170,104,-1,0.5,-0.5,-0.25,0.5,0.25
1541,148,106,0,0.5,-0.5,-0.25,0.5,0.25
1542,177,207,0,0.5,-0.5,-0.25,-0.5,-0.25
1543,178,102,0,0.5,-0.5,-0.25,0.5,0.25
1544,130,206,-1,0.5,-0.5,-0.25,-0.5,-0.25
1545,170,207,0,0.5,-0.5,-0.25,-0.5,-0.25
1546,176,208,0,0.5,-0.5,-0.25,-0.5,-0.25
1547,177,103,0,0.5,-0.5,-0.25,0.5,0.25
1548,130,204,0,0.5,-0.5,-0.25,-0.5,-0.25
1549,177,101,0,0.5,-0.5,-0.25,0.5,0.25
1550,171,204,0,0.5,-0.5,-0.25,-0.5,-0.25
1551,178,101,0,0.5,-0.5,-0.25,0.5,0.25
1552,170,205,0,0.5,-0.5,-0.25,-0.5,-0.25
1553,177,202,0,0.5,-0.5,-0.25,-0.5,-0.25
1554,177,205,0,0.5,-0.5,-0.25,-0.5,-0.25
1555,176,106,0,0.5,-0.5,-0.25,0.5,0.25
1556,177,102,0,0.5,-0.5,-0.25,0.5,0.25
1557,171,205,0,0.5,-0.5,-0.25,-0.5,-0.25
1558,178,206,0,0.5,-0.5,-0.25,-0.5,-0.25
1559,170,106,0,0.5,-0.5,-0.25,0.5,0.25
1560,178,207,0,0.5,-0.5,-0.25,-0.5,-0.25
1561,130,207,0,0.5,-0.5,-0.25,-0.5,-0.25
1562,178,105,-1,0.5,-0.5,-0.25,0.5,0.25
1563,170,203,0,0.5,-0.5,-0.25,-0.5,-0.25
1564,182,207,0,0.5,-0.5,-0.25,-0.5,-0.25
1565,177,201,0,0.5,-0.5,-0.25,-0.5,-0.25
1566,178,103,-1,0.5,-0.5,-0.25,0.5,0.25
1567,183,103,-1,0.5,-0.5,-0.25,0.5,0.25
1568,130,202,0,0.5,-0.5,-0.25,-0.5,-0.25
1569,183,202,-1,0.5,-0.5,-0.25,-0.5,-0.25
1570,177,206,0,0.5,-0.5,-0.25,-0.5,-0.25
1571,182,205,0,0.5,-0.5,-0.25,-0.5,-0.25
1572,130,107,-1,0.5,-0.5,-0.25,0.5,0.25
1573,177,203,0,0.5,-0.5,-0.25,-0.5,-0.25
1574,183,208,-1,0.5,-0.5,-0.25,-0.5,-0.25
1575,178,204,0,0.5,-0.5,-0.25,-0.5,-0.25
1576,130,108,-1,0.5,-0.5,-0.25,0.5,0.25
1577,170,102,-1,0.5,-0.5,-0.25,0.5,0.25
1578,182,206,0,0.5,-0.5,-0.25,-0.5,-0.25
1579,177,105,0,0.5,-0.5,-0.25,0.5,0.25
1580,170,101,-1,0.5,-0.5,-0.25,0.5,0.25
1581,130,106,0,0.5,-0.5,-0.25,0.5,0.25
1582,183,203,0,0.5,-0.5,-0.25,-0.5,-0.25
1583,177,204,0,0.5,-0.5,-0.25,-0.5,-0.25
1584,177,108,-1,0.5,-0.5,-0.25,0.5,0.25
1585,170,103,-1,0.5,-0.5,-0.25,0.5,0.25
1586,130,208,0,0.5,-0.5,-0.25,-0.5,-0.25
1587,170,107,0,0.5,-0.5,-0.25,0.5,0.25
1588,183,205,0,0.5,-0.5,-0.25,-0.5,-0.25
1589,182,105,-1,0.5,-0.5,-0.25,0.5,0.25
1590,178,201,0,0.5,-0.5,-0.25,-0.5,-0.25
1591,178,107,0,0.5,-0.5,-0.25,0.5,0.25
1592,182,208,0,0.5,-0.5,-0.25,-0.5,-0.25
1593,183,106,-1,0.5,-0.5,-0.25,0.5,0.25
1594,178,208,0,0.5,-0.5,-0.25,-0.5,-0.25
1595,178,108,-1,0.5,-0.5,-0.25,0.5,0.25
1596,182,102,-1,0.5,-0.5,-0.25,0.5,0.25
1597,183,207,0,0.5,-0.5,-0.25,-0.5,-0.25
1598,183,201,0,0.5,-0.5,-0.25,-0.5,-0.25
1599,178,205,0,0.5,-0.5,-0.25,-0.5,-0.25
1600,183,105,0,0.5,-0.5,-0.25,0.5,0.25
1601,182,201,0,0.5,-0.5,-0.25,-0.5,-0.25
1602,178,104,0,0.5,-0.5,-0.25,0.5,0.25
1603,183,108,-1,0.5,-0.5,-0.25,0.5,0.25
1604,182,204,0,0.5,-0.5,-0.25,-0.5,-0.25
1605,183,101,-1,0.5,-0.5,-0.25,0.5,0.25
1606,183,206,0,0.5,-0.5,-0.25,-0.5,-0.25
1607,182,103,-1,0.5,-0.5,-0.25,0.5,0.25
1608,171,206,0,0.5,-0.5,-0.25,-0.5,-0.25
1609,182,106,0,0.5,-0.5,-0.25,0.5,0.25
1610,183,102,-1,0.5,-0.5,-0.25,0.5,0.25
1611,182,203,0,0.5,-0.5,-0.25,-0.5,-0.25
1612,183,204,0,0.5,-0.5,-0.25,-0.5,-0.25
1613,182,202,0,0.5,-0.5,-0.25,-0.5,-0.25
1614,176,201,0,0.5,-0.5,-0.25,-0.5,-0.25
1615,182,108,0,0.5,-0.5,-0.25,0.5,0.25
1616,176,105,-1,0.5,-0.5,-0.25,0.5,0.25
1617,183,107,-1,0.5,-0.5,-0.25,0.5,0.25
1618,171,208,0,0.5,-0.5,-0.25,-0.5,-0.25
1619,176,104,-1,0.5,-0.5,-0.25,0.5,0.25
1620,182,104,0,0.5,-0.5,-0.25,0.5,0.25
1621,183,104,0,0.5,-0.5,-0.25,0.5,0.25
1622,176,103,-1,0.5,-0.5,-0.25,0.5,0.25
1623,182,101,0,0.5,-0.5,-0.25,0.5,0.25
1624,182,107,0,0.5,-0.5,-0.25,0.5,0.25
1625,176,207,0,0.5,-0.5,-0.25,-0.5,-0.25
1626,184,205,0,0.5,-0.5,-0.25,-0.5,-0.25
1627,184,208,-1,0.5,-0.5,-0.25,-0.5,-0.25
1628,176,108,-1,0.5,-0.5,-0.25,0.5,0.25
1629,184,101,0,0.5,-0.5,-0.25,0.5,0.25
1630,176,202,0,0.5,-0.5,-0.25,-0.5,-0.25
1631,184,102,-1,0.5,-0.5,-0.25,0.5,0.25
1632,176,204,0,0.5,-0.5,-0.25,-0.5,-0.25
1633,176,102,0,0.5,-0.5,-0.25,0.5,0.25
1634,171,102,0,0.5,-0.5,-0.25,0.5,0.25
1635,184,104,0,0.5,-0.5,-0.25,0.5,0.25
1636,171,101,0,0.5,-0.5,-0.25,0.5,0.25
1637,184,203,-1,0.5,-0.5,-0.25,-0.5,-0.25
1638,176,101,0,0.5,-0.5,-0.25,0.5,0.25
1639,184,107,0,0.5,-0.5,-0.25,0.5,0.25
1640,184,105,0,0.5,-0.5,-0.25,0.5,0.25
1641,184,108,0,0.5,-0.5,-0.25,0.5,0.25
1642,184,106,0,0.5,-0.5,-0.25,0.5,0.25
1643,188,108,0,0.5,-0.5,-0.25,0.5,0.25
1644,188,201,0,0.5,-0.5,-0.25,-0.5,-0.25
1645,184,201,0,0.5,-0.5,-0.25,-0.5,-0.25
1646,184,207,0,0.5,-0.5,-0.25,-0.5,-0.25
1647,184,202,0,0.5,-0.5,-0.25,-0.5,-0.25
1648,188,208,0,0.5,-0.5,-0.25,-0.5,-0.25
1649,188,103,0,0.5,-0.5,-0.25,0.5,0.25
1650,184,103,0,0.5,-0.5,-0.25,0.5,0.25
1651,181,205,0,0.5,-0.5,-0.25,-0.5,-0.25
1652,188,202,0,0.5,-0.5,-0.25,-0.5,-0.25
1653,184,204,-1,0.5,-0.5,-0.25,-0.5,-0.25
1654,181,206,0,0.5,-0.5,-0.25,-0.5,-0.25
1655,184,206,0,0.5,-0.5,-0.25,-0.5,-0.25
1656,181,108,-1,0.5,-0.5,-0.25,0.5,0.25
1657,188,105,0,0.5,-0.5,-0.25,0.5,0.25
1658,188,104,0,0.5,-0.5,-0.25,0.5,0.25
1659,181,106,-1,0.5,-0.5,-0.25,0.5,0.25
1660,188,205,0,0.5,-0.5,-0.25,-0.5,-0.25
1661,181,107,-1,0.5,-0.5,-0.25,0.5,0.25
1662,188,203,0,0.5,-0.5,-0.25,-0.5,-0.25
1663,188,207,0,0.5,-0.5,-0.25,-0.5,-0.25
1664,181,103,-1,0.5,-0.5,-0.25,0.5,0.25
1665,190,201,0,0.5,-0.5,-0.25,-0.5,-0.25
1666,188,204,0,0.5,-0.5,-0.25,-0.5,-0.25
1667,190,107,0,0.5,-0.5,-0.25,0.5,0.25
1668,188,102,0,0.5,-0.5,-0.25,0.5,0.25
1669,188,206,0,0.5,-0.5,-0.25,-0.5,-0.25
1670,188,101,0,0.5,-0.5,-0.25,0.5,0.25
1671,181,203,-1,0.5,-0.5,-0.25,-0.5,-0.25
1672,190,205,0,0.5,-0.5,-0.25,-0.5,-0.25
1673,188,107,0,0.5,-0.5,-0.25,0.5,0.25
1674,188,106,0,0.5,-0.5,-0.25,0.5,0.25
1675,181,207,0,0.5,-0.5,-0.25,-0.5,-0.25
1676,190,208,0,0.5,-0.5,-0.25,-0.5,-0.25
1677,181,105,0,0.5,-0.5,-0.25,0.5,0.25
1678,190,108,-1,0.5,-0.5,-0.25,0.5,0.25
1679,181,101,-1,0.5,-0.5,-0.25,0.5,0.25
1680,181,104,0,0.5,-0.5,-0.25,0.5,0.25
1681,190,106,0,0.5,-0.5,-0.25,0.5,0.25
1682,192,103,-1,0.5,-0.5,-0.25,0.5,0.25
1683,181,204,0,0.5,-0.5,-0.25,-0.5,-0.25
1684,190,202,0,0.5,-0.5,-0.25,-0.5,-0.25
1685,190,102,0,0.5,-0.5,-0.25,0.5,0.25
1686,190,207,0,0.5,-0.5,-0.25,-0.5,-0.25
1687,190,101,0,0.5,-0.5,-0.25,0.5,0.25
1688,190,206,0,0.5,-0.5,-0.25,-0.5,-0.25
1689,192,202,0,0.5,-0.5,-0.25,-0.5,-0.25
1690,190,203,0,0.5,-0.5,-0.25,-0.5,-0.25
1691,190,105,0,0.5,-0.5,-0.25,0.5,0.25
1692,192,208,0,0.5,-0.5,-0.25,-0.5,-0.25
1693,192,207,0,0.5,-0.5,-0.25,-0.5,-0.25
1694,181,202,0,0.5,-0.5,-0.25,-0.5,-0.25
1695,181,208,0,0.5,-0.5,-0.25,-0.5,-0.25
1696,192,205,0,0.5,-0.5,-0.25,-0.5,-0.25
1697,181,201,0,0.5,-0.5,-0.25,-0.5,-0.25
1698,192,206,0,0.5,-0.5,-0.25,-0.5,-0.25
1699,190,103,0,0.5,-0.5,-0.25,0.5,0.25
1700,192,108,-1,0.5,-0.5,-0.25,0.5,0.25
1701,192,204,0,0.5,-0.5,-0.25,-0.5,-0.25
1702,181,102,-1,0.5,-0.5,-0.25,0.5,0.25
1703,192,201,0,0.5,-0.5,-0.25,-0.5,-0.25
1704,190,204,0,0.5,-0.5,-0.25,-0.5,-0.25
1705,192,203,0,0.5,-0.5,-0.25,-0.5,-0.25
1706,192,104,0,0.5,-0.5,-0.25,0.5,0.25
1707,190,104,0,0.5,-0.5,-0.25,0.5,0.25
1708,192,107,0,0.5,-0.5,-0.25,0.5,0.25
1709,192,101,0,0.5,-0.5,-0.25,0.5,0.25
1710,192,102,0,0.5,-0.5,-0.25,0.5,0.25
1711,192,106,0,0.5,-0.5,-0.25,0.5,0.25
1712,192,105,0,0.5,-0.5,-0.25,0.5,0.25
1713,195,105,-1,0.5,-0.5,-0.25,0.5,0.25
1714,195,108,-1,0.5,-0.5,-0.25,0.5,0.25
1715,195,104,-1,0.5,-0.5,-0.25,0.5,0.25
1716,195,106,-1,0.5,-0.5,-0.25,0.5,0.25
1717,195,202,0,0.5,-0.5,-0.25,-0.5,-0.25
1718,195,107,0,0.5,-0.5,-0.25,0.5,0.25
1719,195,205,0,0.5,-0.5,-0.25,-0.5,-0.25
1720,197,208,-1,0.5,-0.5,-0.25,-0.5,-0.25
1721,197,202,0,0.5,-0.5,-0.25,-0.5,-0.25
1722,198,205,0,0.5,-0.5,-0.25,-0.5,-0.25
1723,197,106,-1,0.5,-0.5,-0.25,0.5,0.25
1724,195,208,-1,0.5,-0.5,-0.25,-0.5,-0.25
1725,195,102,-1,0.5,-0.5,-0.25,0.5,0.25
1726,198,206,0,0.5,-0.5,-0.25,-0.5,-0.25
1727,195,206,0,0.5,-0.5,-0.25,-0.5,-0.25
1728,197,103,-1,0.5,-0.5,-0.25,0.5,0.25
1729,195,101,0,0.5,-0.5,-0.25,0.5,0.25
1730,198,102,-1,0.5,-0.5,-0.25,0.5,0.25
1731,195,207,0,0.5,-0.5,-0.25,-0.5,-0.25
1732,198,106,0,0.5,-0.5,-0.25,0.5,0.25
1733,197,104,-1,0.5,-0.5,-0.25,0.5,0.25
1734,198,203,0,0.5,-0.5,-0.25,-0.5,-0.25
1735,197,102,-1,0.5,-0.5,-0.25,0.5,0.25
1736,195,103,0,0.5,-0.5,-0.25,0.5,0.25
1737,197,101,-1,0.5,-0.5,-0.25,0.5,0.25
1738,195,203,0,0.5,-0.5,-0.25,-0.5,-0.25
1739,198,101,0,0.5,-0.5,-0.25,0.5,0.25
1740,197,204,0,0.5,-0.5,-0.25,-0.5,-0.25
1741,195,201,0,0.5,-0.5,-0.25,-0.5,-0.25
1742,198,202,0,0.5,-0.5,-0.25,-0.5,-0.25
1743,197,107,-1,0.5,-0.5,-0.25,0.5,0.25
1744,198,107,0,0.5,-0.5,-0.25,0.5,0.25
1745,197,207,0,0.5,-0.5,-0.25,-0.5,-0.25
1746,195,204,0,0.5,-0.5,-0.25,-0.5,-0.25
1747,198,208,0,0.5,-0.5,-0.25,-0.5,-0.25
1748,197,206,0,0.5,-0.5,-0.25,-0.5,-0.25
1749,198,204,0,0.5,-0.5,-0.25,-0.5,-0.25
1750,197,205,0,0.5,-0.5,-0.25,-0.5,-0.25
1751,197,201,0,0.5,-0.5,-0.25,-0.5,-0.25
1752,197,108,-1,0.5,-0.5,-0.25,0.5,0.25
1753,198,105,0,0.5,-0.5,-0.25,0.5,0.25
1754,198,201,0,0.5,-0.5,-0.25,-0.5,-0.25
1755,197,203,0,0.5,-0.5,-0.25,-0.5,-0.25
1756,197,105,-1,0.5,-0.5,-0.25,0.5,0.25
1757,198,103,0,0.5,-0.5,-0.25,0.5,0.25
1758,198,104,0,0.5,-0.5,-0.25,0.5,0.25
1759,198,108,0,0.5,-0.5,-0.25,0.5,0.25
1760,198,207,0,0.5,-0.5,-0.25,-0.5,-0.25
1761,200,102,-1,0.5,-0.5,-0.25,0.5,0.25
1762,200,207,0,0.5,-0.5,-0.25,-0.5,-0.25
1763,201,107,-1,0.5,-0.5,-0.25,0.5,0.25
1764,200,105,0,0.5,-0.5,-0.25,0.5,0.25
1765,200,208,0,0.5,-0.5,-0.25,-0.5,-0.25
1766,201,106,0,0.5,-0.5,-0.25,0.5,0.25
1767,200,101,0,0.5,-0.5,-0.25,0.5,0.25
1768,201,108,0,0.5,-0.5,-0.25,0.5,0.25
1769,200,103,-1,0.5,-0.5,-0.25,0.5,0.25
1770,201,103,0,0.5,-0.5,-0.25,0.5,0.25
1771,200,106,-1,0.5,-0.5,-0.25,0.5,0.25
1772,201,102,0,0.5,-0.5,-0.25,0.5,0.25
1773,200,203,0,0.5,-0.5,-0.25,-0.5,-0.25
1774,200,206,0,0.5,-0.5,-0.25,-0.5,-0.25
1775,201,202,0,0.5,-0.5,-0.25,-0.5,-0.25
1776,200,201,0,0.5,-0.5,-0.25,-0.5,-0.25
1777,200,205,0,0.5,-0.5,-0.25,-0.5,-0.25
1778,201,201,0,0.5,-0.5,-0.25,-0.5,-0.25
1779,200,107,-1,0.5,-0.5,-0.25,0.5,0.25
1780,201,105,0,0.5,-0.5,-0.25,0.5,0.25
1781,200,204,0,0.5,-0.5,-0.25,-0.5,-0.25
1782,201,207,0,0.5,-0.5,-0.25,-0.5,-0.25
1783,201,208,0,0.5,-0.5,-0.25,-0.5,-0.25
1784,201,203,0,0.5,-0.5,-0.25,-0.5,-0.25
1785,200,202,0,0.5,-0.5,-0.25,-0.5,-0.25
1786,203,105,-1,0.5,-0.5,-0.25,0.5,0.25
1787,203,103,-1,0.5,-0.5,-0.25,0.5,0.25
1788,201,104,0,0.5,-0.5,-0.25,0.5,0.25
1789,200,108,-1,0.5,-0.5,-0.25,0.5,0.25
1790,203,104,-1,0.5,-0.5,-0.25,0.5,0.25
1791,201,205,0,0.5,-0.5,-0.25,-0.5,-0.25
1792,201,204,-1,0.5,-0.5,-0.25,-0.5,-0.25
1793,200,104,-1,0.5,-0.5,-0.25,0.5,0.25
1794,203,201,0,0.5,-0.5,-0.25,-0.5,-0.25
1795,201,206,0,0.5,-0.5,-0.25,-0.5,-0.25
1796,204,204,0,0.5,-0.5,-0.25,-0.5,-0.25
1797,203,205,0,0.5,-0.5,-0.25,-0.5,-0.25
1798,201,101,0,0.5,-0.5,-0.25,0.5,0.25
1799,204,106,-1,0.5,-0.5,-0.25,0.5,0.25
1800,204,206,0,0.5,-0.5,-0.25,-0.5,-0.25
1801,204,103,-1,0.5,-0.5,-0.25,0.5,0.25
1802,203,202,0,0.5,-0.5,-0.25,-0.5,-0.25
1803,204,107,-1,0.5,-0.5,-0.25,0.5,0.25
1804,204,208,0,0.5,-0.5,-0.25,-0.5,-0.25
1805,204,104,-1,0.5,-0.5,-0.25,0.5,0.25
1806,204,201,0,0.5,-0.5,-0.25,-0.5,-0.25
1807,204,205,0,0.5,-0.5,-0.25,-0.5,-0.25
1808,204,207,0,0.5,-0.5,-0.25,-0.5,-0.25
1809,203,101,0,0.5,-0.5,-0.25,0.5,0.25
1810,204,202,0,0.5,-0.5,-0.25,-0.5,-0.25
1811,204,108,-1,0.5,-0.5,-0.25,0.5,0.25
1812,203,107,-1,0.5,-0.5,-0.25,0.5,0.25
1813,204,203,0,0.5,-0.5,-0.25,-0.5,-0.25
1814,203,204,0,0.5,-0.5,-0.25,-0.5,-0.25
1815,204,101,0,0.5,-0.5,-0.25,0.5,0.25
1816,203,108,-1,0.5,-0.5,-0.25,0.5,0.25
1817,203,207,0,0.5,-0.5,-0.25,-0.5,-0.25
1818,203,206,0,0.5,-0.5,-0.25,-0.5,-0.25
1819,204,105,-1,0.5,-0.5,-0.25,0.5,0.25
1820,204,102,-1,0.5,-0.5,-0.25,0.5,0.25
1821,203,102,-1,0.5,-0.5,-0.25,0.5,0.25
1822,207,108,-1,0.5,-0.5,-0.25,0.5,0.25
1823,203,208,0,0.5,-0.5,-0.25,-0.5,-0.25
1824,207,208,0,0.5,-0.5,-0.25,-0.5,-0.25
1825,207,103,-1,0.5,-0.5,-0.25,0.5,0.25
1826,203,203,0,0.5,-0.5,-0.25,-0.5,-0.25
1827,207,104,0,0.5,-0.5,-0.25,0.5,0.25
1828,203,106,0,0.5,-0.5,-0.25,0.5,0.25
1829,207,202,0,0.5,-0.5,-0.25,-0.5,-0.25
1830,207,205,0,0.5,-0.5,-0.25,-0.5,-0.25
1831,207,203,0,0.5,-0.5,-0.25,-0.5,-0.25
1832,207,204,0,0.5,-0.5,-0.25,-0.5,-0.25
1833,207,101,0,0.5,-0.5,-0.25,0.5,0.25
1834,207,207,0,0.5,-0.5,-0.25,-0.5,-0.25
1835,202,102,0,0.5,-0.5,-0.25,0.5,0.25
1836,207,102,0,0.5,-0.5,-0.25,0.5,0.25
1837,202,205,0,0.5,-0.5,-0.25,-0.5,-0.25
1838,207,201,0,0.5,-0.5,-0.25,-0.5,-0.25
1839,202,104,0,0.5,-0.5,-0.25,0.5,0.25
1840,202,108,0,0.5,-0.5,-0.25,0.5,0.25
1841,202,206,0,0.5,-0.5,-0.25,-0.5,-0.25
1842,202,101,0,0.5,-0.5,-0.25,0.5,0.25
1843,207,206,0,0.5,-0.5,-0.25,-0.5,-0.25
1844,208,208,0,0.5,-0.5,-0.25,-0.5,-0.25
1845,207,106,0,0.5,-0.5,-0.25,0.5,0.25
1846,202,207,0,0.5,-0.5,-0.25,-0.5,-0.25
1847,207,105,0,0.5,-0.5,-0.25,0.5,0.25
1848,208,101,0,0.5,-0.5,-0.25,0.5,0.25
1849,208,105,0,0.5,-0.5,-0.25,0.5,0.25
1850,207,107,0,0.5,-0.5,-0.25,0.5,0.25
1851,208,204,0,0.5,-0.5,-0.25,-0.5,-0.25
1852,202,203,0,0.5,-0.5,-0.25,-0.5,-0.25
1853,202,107,0,0.5,-0.5,-0.25,0.5,0.25
1854,208,206,0,0.5,-0.5,-0.25,-0.5,-0.25
1855,202,103,0,0.5,-0.5,-0.25,0.5,0.25
1856,208,104,0,0.5,-0.5,-0.25,0.5,0.25
1857,202,202,0,0.5,-0.5,-0.25,-0.5,-0.25
1858,208,207,0,0.5,-0.5,-0.25,-0.5,-0.25
1859,211,204,0,0.5,-0.5,-0.25,-0.5,-0.25
1860,202,208,0,0.5,-0.5,-0.25,-0.5,-0.25
1861,208,107,0,0.5,-0.5,-0.25,0.5,0.25
1862,211,203,0,0.5,-0.5,-0.25,-0.5,-0.25
1863,208,102,0,0.5,-0.5,-0.25,0.5,0.25
1864,202,105,0,0.5,-0.5,-0.25,0.5,0.25
1865,208,202,0,0.5,-0.5,-0.25,-0.5,-0.25
1866,202,106,0,0.5,-0.5,-0.25,0.5,0.25
1867,208,205,0,0.5,-0.5,-0.25,-0.5,-0.25
1868,208,203,0,0.5,-0.5,-0.25,-0.5,-0.25
1869,202,204,0,0.5,-0.5,-0.25,-0.5,-0.25
1870,211,202,0,0.5,-0.5,-0.25,-0.5,-0.25
1871,208,106,0,0.5,-0.5,-0.25,0.5,0.25
1872,202,201,0,0.5,-0.5,-0.25,-0.5,-0.25
1873,211,106,0,0.5,-0.5,-0.25,0.5,0.25
1874,211,103,-1,0.5,-0.5,-0.25,0.5,0.25
1875,210,101,0,0.5,-0.5,-0.25,0.5,0.25
1876,211,201,0,0.5,-0.5,-0.25,-0.5,-0.25
1877,208,108,-1,0.5,-0.5,-0.25,0.5,0.25
1878,210,206,0,0.5,-0.5,-0.25,-0.5,-0.25
1879,211,102,0,0.5,-0.5,-0.25,0.5,0.25
1880,208,103,0,0.5,-0.5,-0.25,0.5,0.25
1881,211,207,0,0.5,-0.5,-0.25,-0.5,-0.25
1882,210,107,0,0.5,-0.5,-0.25,0.5,0.25
1883,211,104,0,0.5,-0.5,-0.25,0.5,0.25
1884,211,205,0,0.5,-0.5,-0.25,-0.5,-0.25
1885,208,201,0,0.5,-0.5,-0.25,-0.5,-0.25
1886,210,205,0,0.5,-0.5,-0.25,-0.5,-0.25
1887,209,207,0,0.5,-0.5,-0.25,-0.5,-0.25
1888,210,104,0,0.5,-0.5,-0.25,0.5,0.25
1889,211,206,0,0.5,-0.5,-0.25,-0.5,-0.25
1890,210,204,0,0.5,-0.5,-0.25,-0.5,-0.25
1891,209,204,0,0.5,-0.5,-0.25,-0.5,-0.25
1892,210,103,-1,0.5,-0.5,-0.25,0.5,0.25
1893,211,107,-1,0.5,-0.5,-0.25,0.5,0.25
1894,210,108,-1,0.5,-0.5,-0.25,0.5,0.25
1895,211,108,0,0.5,-0.5,-0.25,0.5,0.25
1896,209,108,0,0.5,-0.5,-0.25,0.5,0.25
1897,210,102,-1,0.5,-0.5,-0.25,0.5,0.25
1898,211,105,0,0.5,-0.5,-0.25,0.5,0.25
1899,210,201,0,0.5,-0.5,-0.25,-0.5,-0.25
1900,212,107,-1,0.5,-0.5,-0.25,0.5,0.25
1901,209,102,-1,0.5,-0.5,-0.25,0.5,0.25
1902,211,101,0,0.5,-0.5,-0.25,0.5,0.25
1903,210,105,0,0.5,-0.5,-0.25,0.5,0.25
1904,212,201,0,0.5,-0.5,-0.25,-0.5,-0.25
1905,209,208,0,0.5,-0.5,-0.25,-0.5,-0.25
1906,211,208,0,0.5,-0.5,-0.25,-0.5,-0.25
1907,210,208,0,0.5,-0.5,-0.25,-0.5,-0.25
1908,209,202,0,0.5,-0.5,-0.25,-0.5,-0.25
1909,210,207,0,0.5,-0.5,-0.25,-0.5,-0.25
1910,210,202,0,0.5,-0.5,-0.25,-0.5,-0.25
1911,209,106,0,0.5,-0.5,-0.25,0.5,0.25
1912,210,106,0,0.5,-0.5,-0.25,0.5,0.25
1913,210,203,0,0.5,-0.5,-0.25,-0.5,-0.25
1914,212,205,0,0.5,-0.5,-0.25,-0.5,-0.25
1915,212,103,-1,0.5,-0.5,-0.25,0.5,0.25
1916,212,204,0,0.5,-0.5,-0.25,-0.5,-0.25
1917,209,201,0,0.5,-0.5,-0.25,-0.5,-0.25
1918,212,108,-1,0.5,-0.5,-0.25,0.5,0.25
1919,209,101,0,0.5,-0.5,-0.25,0.5,0.25
1920,209,203,0,0.5,-0.5,-0.25,-0.5,-0.25
1921,209,205,0,0.5,-0.5,-0.25,-0.5,-0.25
1922,212,202,0,0.5,-0.5,-0.25,-0.5,-0.25
1923,212,203,0,0.5,-0.5,-0.25,-0.5,-0.25
1924,214,207,0,0.5,-0.5,-0.25,-0.5,-0.25
1925,212,206,0,0.5,-0.5,-0.25,-0.5,-0.25
1926,214,107,-1,0.5,-0.5,-0.25,0.5,0.25
1927,212,105,0,0.5,-0.5,-0.25,0.5,0.25
1928,214,106,0,0.5,-0.5,-0.25,0.5,0.25
1929,209,105,0,0.5,-0.5,-0.25,0.5,0.25
1930,212,104,0,0.5,-0.5,-0.25,0.5,0.25
1931,214,205,0,0.5,-0.5,-0.25,-0.5,-0.25
1932,209,107,0,0.5,-0.5,-0.25,0.5,0.25
1933,214,105,0,0.5,-0.5,-0.25,0.5,0.25
1934,214,104,0,0.5,-0.5,-0.25,0.5,0.25
1935,212,102,0,0.5,-0.5,-0.25,0.5,0.25
1936,209,104,0,0.5,-0.5,-0.25,0.5,0.25
1937,212,207,0,0.5,-0.5,-0.25,-0.5,-0.25
1938,209,103,0,0.5,-0.5,-0.25,0.5,0.25
1939,212,101,0,0.5,-0.5,-0.25,0.5,0.25
1940,209,206,0,0.5,-0.5,-0.25,-0.5,-0.25
1941,214,102,0,0.5,-0.5,-0.25,0.5,0.25
1942,212,106,0,0.5,-0.5,-0.25,0.5,0.25
1943,212,208,0,0.5,-0.5,-0.25,-0.5,-0.25
1944,214,208,0,0.5,-0.5,-0.25,-0.5,-0.25
1945,214,203,0,0.5,-0.5,-0.25,-0.5,-0.25
1946,214,108,-1,0.5,-0.5,-0.25,0.5,0.25
1947,214,204,0,0.5,-0.5,-0.25,-0.5,-0.25
1948,214,101,-1,0.5,-0.5,-0.25,0.5,0.25
1949,214,103,-1,0.5,-0.5,-0.25,0.5,0.25
1950,214,201,-1,0.5,-0.5,-0.25,-0.5,-0.25
1951,214,202,0,0.5,-0.5,-0.25,-0.5,-0.25
1952,214,206,0,0.5,-0.5,-0.25,-0.5,-0.25
1953,216,203,0,0.5,-0.5,-0.25,-0.5,-0.25
1954,216,108,-1,0.5,-0.5,-0.25,0.5,0.25
1955,216,104,-1,0.5,-0.5,-0.25,0.5,0.25
1956,216,202,-1,0.5,-0.5,-0.25,-0.5,-0.25
1957,216,102,-1,0.5,-0.5,-0.25,0.5,0.25
1958,216,103,-1,0.5,-0.5,-0.25,0.5,0.25
1959,216,105,0,0.5,-0.5,-0.25,0.5,0.25
1960,216,101,-1,0.5,-0.5,-0.25,0.5,0.25
1961,219,207,0,0.5,-0.5,-0.25,-0.5,-0.25
1962,216,107,-1,0.5,-0.5,-0.25,0.5,0.25
1963,219,104,-1,0.5,-0.5,-0.25,0.5,0.25
1964,216,204,0,0.5,-0.5,-0.25,-0.5,-0.25
1965,216,207,0,0.5,-0.5,-0.25,-0.5,-0.25
1966,219,204,0,0.5,-0.5,-0.25,-0.5,-0.25
1967,216,205,0,0.5,-0.5,-0.25,-0.5,-0.25
1968,216,206,0,0.5,-0.5,-0.25,-0.5,-0.25
1969,219,206,0,0.5,-0.5,-0.25,-0.5,-0.25
1970,219,106,-1,0.5,-0.5,-0.25,0.5,0.25
1971,216,106,-1,0.5,-0.5,-0.25,0.5,0.25
1972,219,202,0,0.5,-0.5,-0.25,-0.5,-0.25
1973,219,105,-1,0.5,-0.5,-0.25,0.5,0.25
1974,216,201,0,0.5,-0.5,-0.25,-0.5,-0.25
1975,216,208,0,0.5,-0.5,-0.25,-0.5,-0.25
1976,219,107,-1,0.5,-0.5,-0.25,0.5,0.25
1977,219,101,-1,0.5,-0.5,-0.25,0.5,0.25
1978,219,208,0,0.5,-0.5,-0.25,-0.5,-0.25
1979,219,102,-1,0.5,-0.5,-0.25,0.5,0.25
1980,219,203,0,0.5,-0.5,-0.25,-0.5,-0.25
1981,219,108,-1,0.5,-0.5,-0.25,0.5,0.25
1982,219,201,0,0.5,-0.5,-0.25,-0.5,-0.25
1983,219,205,0,0.5,-0.5,-0.25,-0.5,-0.25
1984,219,103,0,0.5,-0.5,-0.25,0.5,0.25
1985,220,107,-1,0.5,-0.5,-0.25,0.5,0.25
1986,220,201,0,0.5,-0.5,-0.25,-0.5,-0.25
1987,220,106,-1,0.5,-0.5,-0.25,0.5,0.25
1988,220,202,0,0.5,-0.5,-0.25,-0.5,-0.25
1989,220,108,-1,0.5,-0.5,-0.25,0.5,0.25
1990,220,103,-1,0.5,-0.5,-0.25,0.5,0.25
1991,220,101,0,0.5,-0.5,-0.25,0.5,0.25
1992,220,206,0,0.5,-0.5,-0.25,-0.5,-0.25
1993,220,104,-1,0.5,-0.5,-0.25,0.5,0.25
1994,220,205,0,0.5,-0.5,-0.25,-0.5,-0.25
1995,220,102,-1,0.5,-0.5,-0.25,0.5,0.25
1996,220,208,0,0.5,-0.5,-0.25,-0.5,-0.25
1997,220,105,0,0.5,-0.5,-0.25,0.5,0.25
1998,220,203,0,0.5,-0.5,-0.25,-0.5,-0.25
1999,220,207,0,0.5,-0.5,-0.25,-0.5,-0.25
2000,220,204,0,0.5,-0.5,-0.25,-0.5,-0.25
2001,222,107,-1,0.5,-0.5,-0.25,0.5,0.25
2002,222,202,0,0.5,-0.5,-0.25,-0.5,-0.25
2003,222,203,0,0.5,-0.5,-0.25,-0.5,-0.25
2004,222,206,0,0.5,-0.5,-0.25,-0.5,-0.25
2005,222,103,-1,0.5,-0.5,-0.25,0.5,0.25
2006,222,104,-1,0.5,-0.5,-0.25,0.5,0.25
2007,222,201,0,0.5,-0.5,-0.25,-0.5,-0.25
2008,222,106,-1,0.5,-0.5,-0.25,0.5,0.25
2009,222,204,0,0.5,-0.5,-0.25,-0.5,-0.25
2010,222,208,0,0.5,-0.5,-0.25,-0.5,-0.25
2011,222,101,-1,0.5,-0.5,-0.25,0.5,0.25
2012,222,108,-1,0.5,-0.5,-0.25,0.5,0.25
2013,222,205,0,0.5,-0.5,-0.25,-0.5,-0.25
2014,222,105,-1,0.5,-0.5,-0.25,0.5,0.25
2015,222,102,-1,0.5,-0.5,-0.25,0.5,0.25
2016,222,207,0,0.5,-0.5,-0.25,-0.5,-0.25
2017,223,101,0,0.5,-0.5,-0.25,0.5,0.25
2018,223,203,0,0.5,-0.5,-0.25,-0.5,-0.25
2019,223,105,0,0.5,-0.5,-0.25,0.5,0.25
2020,223,207,0,0.5,-0.5,-0.25,-0.5,-0.25
2021,223,104,-1,0.5,-0.5,-0.25,0.5,0.25
2022,223,103,-1,0.5,-0.5,-0.25,0.5,0.25
2023,223,202,0,0.5,-0.5,-0.25,-0.5,-0.25
2024,223,208,-1,0.5,-0.5,-0.25,-0.5,-0.25
2025,223,201,0,0.5,-0.5,-0.25,-0.5,-0.25
2026,223,108,0,0.5,-0.5,-0.25,0.5,0.25
2027,223,204,0,0.5,-0.5,-0.25,-0.5,-0.25
2028,223,102,-1,0.5,-0.5,-0.25,0.5,0.25
2029,223,206,0,0.5,-0.5,-0.25,-0.5,-0.25
2030,223,106,0,0.5,-0.5,-0.25,0.5,0.25
2031,223,205,0,0.5,-0.5,-0.25,-0.5,-0.25
2032,223,107,0,0.5,-0.5,-0.25,0.5,0.25
2033,225,105,-1,0.5,-0.5,-0.25,0.5,0.25
2034,225,206,0,0.5,-0.5,-0.25,-0.5,-0.25
2035,225,203,0,0.5,-0.5,-0.25,-0.5,-0.25
2036,225,101,0,0.5,-0.5,-0.25,0.5,0.25
2037,225,205,0,0.5,-0.5,-0.25,-0.5,-0.25
2038,225,204,0,0.5,-0.5,-0.25,-0.5,-0.25
2039,225,202,0,0.5,-0.5,-0.25,-0.5,-0.25
2040,225,108,0,0.5,-0.5,-0.25,0.5,0.25
2041,225,207,0,0.5,-0.5,-0.25,-0.5,-0.25
2042,225,104,0,0.5,-0.5,-0.25,0.5,0.25
2043,225,103,0,0.5,-0.5,-0.25,0.5,0.25
2044,225,106,0,0.5,-0.5,-0.25,0.5,0.25
2045,225,208,0,0.5,-0.5,-0.25,-0.5,-0.25
2046,225,107,0,0.5,-0.5,-0.25,0.5,0.25
2047,225,201,0,0.5,-0.5,-0.25,-0.5,-0.25
2048,225,102,-1,0.5,-0.5,-0.25,0.5,0.25
2049,228,103,-1,0.5,-0.5,-0.25,0.5,0.25
2050,228,208,0,0.5,-0.5,-0.25,-0.5,-0.25
2051,228,104,0,0.5,-0.5,-0.25,0.5,0.25
2052,228,106,0,0.5,-0.5,-0.25,0.5,0.25
2053,228,105,0,0.5,-0.5,-0.25,0.5,0.25
2054,228,202,0,0.5,-0.5,-0.25,-0.5,-0.25
2055,228,204,0,0.5,-0.5,-0.25,-0.5,-0.25
2056,228,201,0,0.5,-0.5,-0.25,-0.5,-0.25
2057,228,205,0,0.5,-0.5,-0.25,-0.5,-0.25
2058,228,101,0,0.5,-0.5,-0.25,0.5,0.25
2059,228,107,0,0.5,-0.5,-0.25,0.5,0.25
2060,228,207,0,0.5,-0.5,-0.25,-0.5,-0.25
2061,228,203,0,0.5,-0.5,-0.25,-0.5,-0.25
2062,228,108,0,0.5,-0.5,-0.25,0.5,0.25
2063,228,206,0,0.5,-0.5,-0.25,-0.5,-0.25
2064,228,102,0,0.5,-0.5,-0.25,0.5,0.25
2065,229,103,-1,0.5,-0.5,-0.25,0.5,0.25
2066,229,205,0,0.5,-0.5,-0.25,-0.5,-0.25
2067,229,104,-1,0.5,-0.5,-0.25,0.5,0.25
2068,229,207,0,0.5,-0.5,-0.25,-0.5,-0.25
2069,229,203,0,0.5,-0.5,-0.25,-0.5,-0.25
2070,229,107,0,0.5,-0.5,-0.25,0.5,0.25
2071,229,102,-1,0.5,-0.5,-0.25,0.5,0.25
2072,229,101,0,0.5,-0.5,-0.25,0.5,0.25
2073,229,201,0,0.5,-0.5,-0.25,-0.5,-0.25
2074,229,204,0,0.5,-0.5,-0.25,-0.5,-0.25
2075,229,106,0,0.5,-0.5,-0.25,0.5,0.25
2076,229,202,0,0.5,-0.5,-0.25,-0.5,-0.25
2077,229,108,-1,0.5,-0.5,-0.25,0.5,0.25
2078,229,208,0,0.5,-0.5,-0.25,-0.5,-0.25
2079,229,105,0,0.5,-0.5,-0.25,0.5,0.25
2080,229,206,0,0.5,-0.5,-0.25,-0.5,-0.25
2081,231,104,0,0.5,-0.5,-0.25,0.5,0.25
2082,231,208,0,0.5,-0.5,-0.25,-0.5,-0.25
2083,231,205,0,0.5,-0.5,-0.25,-0.5,-0.25
2084,231,108,-1,0.5,-0.5,-0.25,0.5,0.25
2085,231,107,0,0.5,-0.5,-0.25,0.5,0.25
2086,231,203,0,0.5,-0.5,-0.25,-0.5,-0.25
2087,231,102,0,0.5,-0.5,-0.25,0.5,0.25
2088,231,105,0,0.5,-0.5,-0.25,0.5,0.25
2089,231,201,0,0.5,-0.5,-0.25,-0.5,-0.25
2090,231,204,0,0.5,-0.5,-0.25,-0.5,-0.25
2091,231,207,0,0.5,-0.5,-0.25,-0.5,-0.25
2092,231,202,0,0.5,-0.5,-0.25,-0.5,-0.25
2093,231,103,0,0.5,-0.5,-0.25,0.5,0.25
2094,231,101,0,0.5,-0.5,-0.25,0.5,0.25
2095,231,206,0,0.5,-0.5,-0.25,-0.5,-0.25
2096,231,106,0,0.5,-0.5,-0.25,0.5,0.25
