,score_dif,user_id,grid_num,push,train_x_push,train
0,-1,4,103,0.5,-0.25,-0.5
1,0,4,201,-0.5,0.25,-0.5
2,-1,4,107,0.5,-0.25,-0.5
3,0,4,207,-0.5,0.25,-0.5
4,0,4,101,0.5,-0.25,-0.5
5,0,4,202,-0.5,0.25,-0.5
6,-1,11,102,0.5,-0.25,-0.5
7,-1,9,205,-0.5,0.25,-0.5
8,-1,13,208,-0.5,0.25,-0.5
9,-1,11,208,-0.5,0.25,-0.5
10,-1,23,208,-0.5,0.25,-0.5
11,0,13,205,-0.5,0.25,-0.5
12,-1,11,204,-0.5,0.25,-0.5
13,-1,9,107,0.5,-0.25,-0.5
14,0,30,203,-0.5,0.25,-0.5
15,0,24,208,-0.5,0.25,-0.5
16,-1,13,102,0.5,-0.25,-0.5
17,-1,19,205,-0.5,0.25,-0.5
18,-1,19,108,0.5,-0.25,-0.5
19,0,11,203,-0.5,0.25,-0.5
20,0,13,104,0.5,-0.25,-0.5
21,-1,23,103,0.5,-0.25,-0.5
22,-1,9,106,0.5,-0.25,-0.5
23,0,24,206,-0.5,0.25,-0.5
24,-1,11,105,0.5,-0.25,-0.5
25,-1,13,206,-0.5,0.25,-0.5
26,-1,9,208,-0.5,0.25,-0.5
27,0,13,106,0.5,-0.25,-0.5
28,0,23,201,-0.5,0.25,-0.5
29,-1,25,204,-0.5,0.25,-0.5
30,-1,24,108,0.5,-0.25,-0.5
31,-1,25,102,0.5,-0.25,-0.5
32,0,30,206,-0.5,0.25,-0.5
33,-1,19,101,0.5,-0.25,-0.5
34,0,23,101,0.5,-0.25,-0.5
35,-1,23,107,0.5,-0.25,-0.5
36,0,19,203,-0.5,0.25,-0.5
37,-1,23,202,-0.5,0.25,-0.5
38,-1,30,106,0.5,-0.25,-0.5
39,-1,39,102,0.5,-0.25,-0.5
40,-1,25,205,-0.5,0.25,-0.5
41,-1,19,207,-0.5,0.25,-0.5
42,-1,24,104,0.5,-0.25,-0.5
43,-1,37,103,0.5,-0.25,-0.5
44,-1,39,206,-0.5,0.25,-0.5
45,-1,25,105,0.5,-0.25,-0.5
46,0,24,106,0.5,-0.25,-0.5
47,0,37,204,-0.5,0.25,-0.5
48,0,5,101,0.5,0.25,0.5
49,0,24,205,-0.5,0.25,-0.5
50,0,30,201,-0.5,0.25,-0.5
51,-1,42,104,0.5,-0.25,-0.5
52,0,5,206,-0.5,-0.25,0.5
53,-1,37,208,-0.5,0.25,-0.5
54,-1,39,107,0.5,-0.25,-0.5
55,-1,38,201,-0.5,0.25,-0.5
56,0,30,107,0.5,-0.25,-0.5
57,0,37,202,-0.5,0.25,-0.5
58,-1,42,207,-0.5,0.25,-0.5
59,0,5,204,-0.5,-0.25,0.5
60,-1,25,103,0.5,-0.25,-0.5
61,-1,37,106,0.5,-0.25,-0.5
62,-1,38,102,0.5,-0.25,-0.5
63,0,5,203,-0.5,-0.25,0.5
64,0,5,106,0.5,0.25,0.5
65,-1,38,108,0.5,-0.25,-0.5
66,0,38,202,-0.5,0.25,-0.5
67,0,42,203,-0.5,0.25,-0.5
68,-1,37,108,0.5,-0.25,-0.5
69,0,51,204,-0.5,0.25,-0.5
70,-1,39,201,-0.5,0.25,-0.5
71,0,42,201,-0.5,0.25,-0.5
72,-1,51,105,0.5,-0.25,-0.5
73,-1,59,103,0.5,-0.25,-0.5
74,0,57,105,0.5,-0.25,-0.5
75,-1,51,102,0.5,-0.25,-0.5
76,-1,2,107,0.5,0.25,0.5
77,0,59,207,-0.5,0.25,-0.5
78,0,51,208,-0.5,0.25,-0.5
79,0,57,206,-0.5,0.25,-0.5
80,0,2,203,-0.5,-0.25,0.5
81,0,42,105,0.5,-0.25,-0.5
82,0,2,106,0.5,0.25,0.5
83,0,2,206,-0.5,-0.25,0.5
84,-1,3,205,-0.5,-0.25,0.5
85,0,57,204,-0.5,0.25,-0.5
86,-1,2,105,0.5,0.25,0.5
87,0,51,206,-0.5,0.25,-0.5
88,-1,3,201,-0.5,-0.25,0.5
89,0,2,208,-0.5,-0.25,0.5
90,0,3,102,0.5,0.25,0.5
91,0,3,105,0.5,0.25,0.5
92,-1,64,205,-0.5,0.25,-0.5
93,0,74,202,-0.5,0.25,-0.5
94,-1,57,101,0.5,-0.25,-0.5
95,-1,64,108,0.5,-0.25,-0.5
96,-1,71,208,-0.5,0.25,-0.5
97,0,57,203,-0.5,0.25,-0.5
98,-1,51,101,0.5,-0.25,-0.5
99,-1,3,206,-0.5,-0.25,0.5
100,0,74,201,-0.5,0.25,-0.5
101,-1,64,208,-0.5,0.25,-0.5
102,-1,57,107,0.5,-0.25,-0.5
103,-1,71,206,-0.5,0.25,-0.5
104,-1,76,106,0.5,-0.25,-0.5
105,0,59,203,-0.5,0.25,-0.5
106,-1,3,104,0.5,0.25,0.5
107,0,71,107,0.5,-0.25,-0.5
108,-1,76,107,0.5,-0.25,-0.5
109,0,74,206,-0.5,0.25,-0.5
110,-1,64,206,-0.5,0.25,-0.5
111,0,39,203,-0.5,0.25,-0.5
112,0,76,201,-0.5,0.25,-0.5
113,-1,59,102,0.5,-0.25,-0.5
114,-1,64,103,0.5,-0.25,-0.5
115,0,76,205,-0.5,0.25,-0.5
116,-1,74,107,0.5,-0.25,-0.5
117,-1,71,207,-0.5,0.25,-0.5
118,-1,83,108,0.5,-0.25,-0.5
119,-1,85,106,0.5,-0.25,-0.5
120,-1,71,108,0.5,-0.25,-0.5
121,0,84,205,-0.5,0.25,-0.5
122,-1,74,104,0.5,-0.25,-0.5
123,0,71,105,0.5,-0.25,-0.5
124,-1,83,105,0.5,-0.25,-0.5
125,-1,79,107,0.5,-0.25,-0.5
126,0,72,204,-0.5,0.25,-0.5
127,0,79,206,-0.5,0.25,-0.5
128,-1,83,203,-0.5,0.25,-0.5
129,-1,74,108,0.5,-0.25,-0.5
130,-1,79,202,-0.5,0.25,-0.5
131,-1,84,107,0.5,-0.25,-0.5
132,0,85,206,-0.5,0.25,-0.5
133,0,84,201,-0.5,0.25,-0.5
134,0,79,204,-0.5,0.25,-0.5
135,0,83,205,-0.5,0.25,-0.5
136,-1,72,101,0.5,-0.25,-0.5
137,-1,6,108,0.5,0.25,0.5
138,0,84,204,-0.5,0.25,-0.5
139,-1,95,104,0.5,-0.25,-0.5
140,-1,84,104,0.5,-0.25,-0.5
141,-1,72,104,0.5,-0.25,-0.5
142,0,83,201,-0.5,0.25,-0.5
143,0,95,201,-0.5,0.25,-0.5
144,0,76,208,-0.5,0.25,-0.5
145,-1,79,106,0.5,-0.25,-0.5
146,0,95,106,0.5,-0.25,-0.5
147,0,85,208,-0.5,0.25,-0.5
148,-1,83,107,0.5,-0.25,-0.5
149,-1,97,207,-0.5,0.25,-0.5
150,0,72,207,-0.5,0.25,-0.5
151,-1,79,108,0.5,-0.25,-0.5
152,0,6,202,-0.5,-0.25,0.5
153,0,97,205,-0.5,0.25,-0.5
154,0,95,203,-0.5,0.25,-0.5
155,-1,85,104,0.5,-0.25,-0.5
156,-1,97,101,0.5,-0.25,-0.5
157,0,104,204,-0.5,0.25,-0.5
158,0,6,205,-0.5,-0.25,0.5
159,-1,95,103,0.5,-0.25,-0.5
160,0,7,202,-0.5,-0.25,0.5
161,-1,15,103,0.5,0.25,0.5
162,-1,6,107,0.5,0.25,0.5
163,-1,7,103,0.5,0.25,0.5
164,-1,33,101,0.5,0.25,0.5
165,0,95,208,-0.5,0.25,-0.5
166,0,6,207,-0.5,-0.25,0.5
167,-1,97,106,0.5,-0.25,-0.5
168,0,16,202,-0.5,-0.25,0.5
169,-1,33,205,-0.5,-0.25,0.5
170,-1,41,102,0.5,0.25,0.5
171,-1,33,105,0.5,0.25,0.5
172,-1,7,208,-0.5,-0.25,0.5
173,-1,41,103,0.5,0.25,0.5
174,0,97,203,-0.5,0.25,-0.5
175,0,16,104,0.5,0.25,0.5
176,0,15,204,-0.5,-0.25,0.5
177,-1,33,204,-0.5,-0.25,0.5
178,-1,33,206,-0.5,-0.25,0.5
179,-1,33,106,0.5,0.25,0.5
180,-1,7,105,0.5,0.25,0.5
181,-1,16,205,-0.5,-0.25,0.5
182,0,29,203,-0.5,-0.25,0.5
183,0,109,105,0.5,-0.25,-0.5
184,0,7,204,-0.5,-0.25,0.5
185,-1,109,104,0.5,-0.25,-0.5
186,0,29,106,0.5,0.25,0.5
187,-1,15,106,0.5,0.25,0.5
188,-1,16,101,0.5,0.25,0.5
189,-1,7,108,0.5,0.25,0.5
190,0,29,207,-0.5,-0.25,0.5
191,0,113,208,-0.5,0.25,-0.5
192,-1,15,105,0.5,0.25,0.5
193,-1,16,102,0.5,0.25,0.5
194,-1,41,105,0.5,0.25,0.5
195,0,16,207,-0.5,-0.25,0.5
196,0,111,201,-0.5,0.25,-0.5
197,-1,115,104,0.5,-0.25,-0.5
198,0,29,102,0.5,0.25,0.5
199,0,111,101,0.5,-0.25,-0.5
200,0,15,207,-0.5,-0.25,0.5
201,0,15,208,-0.5,-0.25,0.5
202,0,41,201,-0.5,-0.25,0.5
203,-1,111,204,-0.5,0.25,-0.5
204,-1,29,108,0.5,0.25,0.5
205,-1,113,107,0.5,-0.25,-0.5
206,0,41,206,-0.5,-0.25,0.5
207,0,29,201,-0.5,-0.25,0.5
208,-1,41,208,-0.5,-0.25,0.5
209,-1,111,205,-0.5,0.25,-0.5
210,-1,113,103,0.5,-0.25,-0.5
211,-1,115,103,0.5,-0.25,-0.5
212,-1,31,102,0.5,0.25,0.5
213,0,113,202,-0.5,0.25,-0.5
214,-1,120,101,0.5,-0.25,-0.5
215,-1,118,108,0.5,-0.25,-0.5
216,-1,119,103,0.5,-0.25,-0.5
217,-1,118,204,-0.5,0.25,-0.5
218,-1,111,108,0.5,-0.25,-0.5
219,-1,115,202,-0.5,0.25,-0.5
220,-1,113,105,0.5,-0.25,-0.5
221,-1,31,108,0.5,0.25,0.5
222,-1,119,101,0.5,-0.25,-0.5
223,0,111,106,0.5,-0.25,-0.5
224,0,31,207,-0.5,-0.25,0.5
225,0,31,208,-0.5,-0.25,0.5
226,0,125,107,0.5,-0.25,-0.5
227,-1,115,203,-0.5,0.25,-0.5
228,-1,119,108,0.5,-0.25,-0.5
229,-1,118,208,-0.5,0.25,-0.5
230,-1,119,207,-0.5,0.25,-0.5
231,-1,118,106,0.5,-0.25,-0.5
232,-1,109,103,0.5,-0.25,-0.5
233,-1,60,104,0.5,0.25,0.5
234,-1,118,103,0.5,-0.25,-0.5
235,-1,60,107,0.5,0.25,0.5
236,-1,109,202,-0.5,0.25,-0.5
237,0,35,202,-0.5,-0.25,0.5
238,0,48,203,-0.5,-0.25,0.5
239,0,50,201,-0.5,-0.25,0.5
240,0,119,204,-0.5,0.25,-0.5
241,-1,60,207,-0.5,-0.25,0.5
242,0,35,204,-0.5,-0.25,0.5
243,-1,50,107,0.5,0.25,0.5
244,-1,115,201,-0.5,0.25,-0.5
245,0,120,207,-0.5,0.25,-0.5
246,0,109,203,-0.5,0.25,-0.5
247,-1,127,107,0.5,-0.25,-0.5
248,-1,35,101,0.5,0.25,0.5
249,-1,50,108,0.5,0.25,0.5
250,0,60,208,-0.5,-0.25,0.5
251,-1,91,102,0.5,0.25,0.5
252,0,125,105,0.5,-0.25,-0.5
253,0,48,206,-0.5,-0.25,0.5
254,0,54,205,-0.5,-0.25,0.5
255,-1,35,108,0.5,0.25,0.5
256,-1,125,208,-0.5,0.25,-0.5
257,-1,131,104,0.5,-0.25,-0.5
258,-1,48,102,0.5,0.25,0.5
259,-1,133,202,-0.5,0.25,-0.5
260,-1,17,104,0.5,0.25,0.5
261,-1,133,108,0.5,-0.25,-0.5
262,0,50,203,-0.5,-0.25,0.5
263,-1,91,106,0.5,0.25,0.5
264,0,50,207,-0.5,-0.25,0.5
265,-1,48,105,0.5,0.25,0.5
266,-1,127,202,-0.5,0.25,-0.5
267,-1,131,102,0.5,-0.25,-0.5
268,0,22,204,-0.5,-0.25,0.5
269,0,120,202,-0.5,0.25,-0.5
270,0,104,107,0.5,-0.25,-0.5
271,-1,125,201,-0.5,0.25,-0.5
272,0,131,106,0.5,-0.25,-0.5
273,-1,68,206,-0.5,-0.25,0.5
274,0,35,207,-0.5,-0.25,0.5
275,-1,127,208,-0.5,0.25,-0.5
276,0,32,206,-0.5,-0.25,0.5
277,-1,125,203,-0.5,0.25,-0.5
278,0,120,104,0.5,-0.25,-0.5
279,-1,60,101,0.5,0.25,0.5
280,0,22,106,0.5,0.25,0.5
281,0,48,202,-0.5,-0.25,0.5
282,0,133,105,0.5,-0.25,-0.5
283,-1,32,104,0.5,0.25,0.5
284,0,120,203,-0.5,0.25,-0.5
285,0,125,106,0.5,-0.25,-0.5
286,-1,91,202,-0.5,-0.25,0.5
287,-1,21,208,-0.5,-0.25,0.5
288,0,17,203,-0.5,-0.25,0.5
289,0,60,204,-0.5,-0.25,0.5
290,0,54,202,-0.5,-0.25,0.5
291,-1,17,206,-0.5,-0.25,0.5
292,0,68,204,-0.5,-0.25,0.5
293,-1,133,101,0.5,-0.25,-0.5
294,0,50,102,0.5,0.25,0.5
295,-1,22,202,-0.5,-0.25,0.5
296,0,54,208,-0.5,-0.25,0.5
297,0,91,207,-0.5,-0.25,0.5
298,0,131,204,-0.5,0.25,-0.5
299,-1,48,103,0.5,0.25,0.5
300,-1,22,201,-0.5,-0.25,0.5
301,-1,104,201,-0.5,0.25,-0.5
302,-1,54,108,0.5,0.25,0.5
303,-1,32,108,0.5,0.25,0.5
304,-1,22,108,0.5,0.25,0.5
305,-1,91,203,-0.5,-0.25,0.5
306,-1,54,105,0.5,0.25,0.5
307,0,127,204,-0.5,0.25,-0.5
308,-1,91,108,0.5,0.25,0.5
309,-1,32,102,0.5,0.25,0.5
310,-1,132,103,0.5,-0.25,-0.5
311,-1,36,105,0.5,0.25,0.5
312,-1,138,208,-0.5,0.25,-0.5
313,-1,36,108,0.5,0.25,0.5
314,0,104,106,0.5,-0.25,-0.5
315,-1,138,105,0.5,-0.25,-0.5
316,-1,17,101,0.5,0.25,0.5
317,0,21,106,0.5,0.25,0.5
318,-1,54,106,0.5,0.25,0.5
319,0,131,208,-0.5,0.25,-0.5
320,-1,68,105,0.5,0.25,0.5
321,-1,133,203,-0.5,0.25,-0.5
322,-1,17,105,0.5,0.25,0.5
323,0,32,207,-0.5,-0.25,0.5
324,-1,36,207,-0.5,-0.25,0.5
325,-1,17,205,-0.5,-0.25,0.5
326,0,133,204,-0.5,0.25,-0.5
327,-1,70,105,0.5,0.25,0.5
328,-1,22,101,0.5,0.25,0.5
329,0,21,204,-0.5,-0.25,0.5
330,-1,32,208,-0.5,-0.25,0.5
331,-1,47,105,0.5,0.25,0.5
332,-1,127,101,0.5,-0.25,-0.5
333,-1,68,101,0.5,0.25,0.5
334,-1,132,207,-0.5,0.25,-0.5
335,0,70,203,-0.5,-0.25,0.5
336,0,68,202,-0.5,-0.25,0.5
337,-1,132,206,-0.5,0.25,-0.5
338,-1,68,107,0.5,0.25,0.5
339,-1,47,205,-0.5,-0.25,0.5
340,-1,132,102,0.5,-0.25,-0.5
341,0,36,201,-0.5,-0.25,0.5
342,-1,127,102,0.5,-0.25,-0.5
343,0,21,203,-0.5,-0.25,0.5
344,0,53,104,0.5,0.25,0.5
345,0,138,206,-0.5,0.25,-0.5
346,0,36,204,-0.5,-0.25,0.5
347,-1,132,205,-0.5,0.25,-0.5
348,-1,21,101,0.5,0.25,0.5
349,-1,36,106,0.5,0.25,0.5
350,0,70,208,-0.5,-0.25,0.5
351,-1,53,101,0.5,0.25,0.5
352,0,21,104,0.5,0.25,0.5
353,-1,47,204,-0.5,-0.25,0.5
354,-1,70,102,0.5,0.25,0.5
355,-1,53,206,-0.5,-0.25,0.5
356,-1,47,208,-0.5,-0.25,0.5
357,0,101,206,-0.5,-0.25,0.5
358,-1,138,106,0.5,-0.25,-0.5
359,-1,101,106,0.5,0.25,0.5
360,-1,47,108,0.5,0.25,0.5
361,-1,70,103,0.5,0.25,0.5
362,0,138,205,-0.5,0.25,-0.5
363,0,47,104,0.5,0.25,0.5
364,0,70,205,-0.5,-0.25,0.5
365,-1,101,207,-0.5,-0.25,0.5
366,-1,145,202,-0.5,0.25,-0.5
367,0,110,201,-0.5,-0.25,0.5
368,-1,101,101,0.5,0.25,0.5
369,-1,110,106,0.5,0.25,0.5
370,-1,145,207,-0.5,0.25,-0.5
371,0,106,204,-0.5,-0.25,0.5
372,0,146,203,-0.5,0.25,-0.5
373,0,101,205,-0.5,-0.25,0.5
374,0,110,207,-0.5,-0.25,0.5
375,-1,146,206,-0.5,0.25,-0.5
376,-1,114,101,0.5,0.25,0.5
377,-1,53,202,-0.5,-0.25,0.5
378,0,110,203,-0.5,-0.25,0.5
379,0,114,206,-0.5,-0.25,0.5
380,0,148,203,-0.5,0.25,-0.5
381,-1,53,203,-0.5,-0.25,0.5
382,-1,106,206,-0.5,-0.25,0.5
383,-1,145,201,-0.5,0.25,-0.5
384,0,114,106,0.5,0.25,0.5
385,-1,106,105,0.5,0.25,0.5
386,0,114,201,-0.5,-0.25,0.5
387,-1,146,104,0.5,-0.25,-0.5
388,-1,148,101,0.5,-0.25,-0.5
389,0,114,203,-0.5,-0.25,0.5
390,-1,53,103,0.5,0.25,0.5
391,-1,101,105,0.5,0.25,0.5
392,-1,110,107,0.5,0.25,0.5
393,-1,106,106,0.5,0.25,0.5
394,-1,146,107,0.5,-0.25,-0.5
395,0,146,205,-0.5,0.25,-0.5
396,0,110,105,0.5,0.25,0.5
397,-1,148,106,0.5,-0.25,-0.5
398,-1,145,101,0.5,-0.25,-0.5
399,0,62,201,-0.5,-0.25,0.5
400,0,106,205,-0.5,-0.25,0.5
401,0,114,105,0.5,0.25,0.5
402,0,62,202,-0.5,-0.25,0.5
403,-1,78,102,0.5,0.25,0.5
404,-1,150,207,-0.5,0.25,-0.5
405,0,62,105,0.5,0.25,0.5
406,-1,80,205,-0.5,-0.25,0.5
407,-1,88,205,-0.5,-0.25,0.5
408,-1,145,103,0.5,-0.25,-0.5
409,-1,149,207,-0.5,0.25,-0.5
410,0,148,201,-0.5,0.25,-0.5
411,-1,62,101,0.5,0.25,0.5
412,0,88,107,0.5,0.25,0.5
413,-1,148,108,0.5,-0.25,-0.5
414,-1,80,102,0.5,0.25,0.5
415,-1,151,207,-0.5,0.25,-0.5
416,0,78,201,-0.5,-0.25,0.5
417,0,153,203,-0.5,0.25,-0.5
418,-1,80,107,0.5,0.25,0.5
419,-1,149,103,0.5,-0.25,-0.5
420,-1,80,104,0.5,0.25,0.5
421,0,62,204,-0.5,-0.25,0.5
422,-1,150,204,-0.5,0.25,-0.5
423,0,88,105,0.5,0.25,0.5
424,0,151,107,0.5,-0.25,-0.5
425,0,80,204,-0.5,-0.25,0.5
426,-1,92,103,0.5,0.25,0.5
427,-1,151,104,0.5,-0.25,-0.5
428,-1,150,108,0.5,-0.25,-0.5
429,0,88,208,-0.5,-0.25,0.5
430,-1,153,101,0.5,-0.25,-0.5
431,-1,150,208,-0.5,0.25,-0.5
432,-1,62,107,0.5,0.25,0.5
433,-1,156,208,-0.5,0.25,-0.5
434,-1,150,104,0.5,-0.25,-0.5
435,-1,88,202,-0.5,-0.25,0.5
436,-1,151,201,-0.5,0.25,-0.5
437,-1,153,104,0.5,-0.25,-0.5
438,-1,92,205,-0.5,-0.25,0.5
439,-1,88,108,0.5,0.25,0.5
440,0,78,203,-0.5,-0.25,0.5
441,-1,156,104,0.5,-0.25,-0.5
442,0,92,203,-0.5,-0.25,0.5
443,-1,149,108,0.5,-0.25,-0.5
444,-1,90,104,0.5,0.25,0.5
445,-1,153,106,0.5,-0.25,-0.5
446,-1,151,206,-0.5,0.25,-0.5
447,0,80,207,-0.5,-0.25,0.5
448,0,149,205,-0.5,0.25,-0.5
449,-1,92,106,0.5,0.25,0.5
450,0,78,107,0.5,0.25,0.5
451,0,153,208,-0.5,0.25,-0.5
452,-1,155,206,-0.5,0.25,-0.5
453,-1,156,101,0.5,-0.25,-0.5
454,0,153,201,-0.5,0.25,-0.5
455,0,90,202,-0.5,-0.25,0.5
456,-1,90,107,0.5,0.25,0.5
457,-1,156,206,-0.5,0.25,-0.5
458,-1,90,108,0.5,0.25,0.5
459,-1,92,105,0.5,0.25,0.5
460,0,90,204,-0.5,-0.25,0.5
461,0,92,201,-0.5,-0.25,0.5
462,-1,69,101,0.5,0.25,0.5
463,0,43,106,0.5,0.25,0.5
464,-1,135,207,-0.5,-0.25,0.5
465,-1,137,106,0.5,0.25,0.5
466,-1,149,202,-0.5,0.25,-0.5
467,-1,90,203,-0.5,-0.25,0.5
468,-1,156,202,-0.5,0.25,-0.5
469,-1,69,206,-0.5,-0.25,0.5
470,-1,87,108,0.5,0.25,0.5
471,0,135,202,-0.5,-0.25,0.5
472,0,137,205,-0.5,-0.25,0.5
473,0,43,101,0.5,0.25,0.5
474,-1,135,103,0.5,0.25,0.5
475,0,137,204,-0.5,-0.25,0.5
476,-1,155,108,0.5,-0.25,-0.5
477,-1,46,101,0.5,0.25,0.5
478,0,137,208,-0.5,-0.25,0.5
479,-1,135,108,0.5,0.25,0.5
480,-1,69,103,0.5,0.25,0.5
481,0,87,201,-0.5,-0.25,0.5
482,0,43,205,-0.5,-0.25,0.5
483,-1,65,106,0.5,0.25,0.5
484,0,46,208,-0.5,-0.25,0.5
485,0,155,104,0.5,-0.25,-0.5
486,-1,65,208,-0.5,-0.25,0.5
487,0,43,207,-0.5,-0.25,0.5
488,-1,69,208,-0.5,-0.25,0.5
489,-1,26,201,-0.5,-0.25,0.5
490,-1,155,208,-0.5,0.25,-0.5
491,0,87,208,-0.5,-0.25,0.5
492,0,43,108,0.5,0.25,0.5
493,0,87,205,-0.5,-0.25,0.5
494,0,43,206,-0.5,-0.25,0.5
495,0,65,107,0.5,0.25,0.5
496,0,155,201,-0.5,0.25,-0.5
497,-1,135,106,0.5,0.25,0.5
498,-1,69,207,-0.5,-0.25,0.5
499,-1,137,101,0.5,0.25,0.5
500,0,135,208,-0.5,-0.25,0.5
501,-1,46,105,0.5,0.25,0.5
502,-1,137,102,0.5,0.25,0.5
503,-1,87,103,0.5,0.25,0.5
504,0,155,105,0.5,-0.25,-0.5
505,0,46,204,-0.5,-0.25,0.5
506,-1,69,104,0.5,0.25,0.5
507,0,65,202,-0.5,-0.25,0.5
508,0,160,204,-0.5,0.25,-0.5
509,0,46,202,-0.5,-0.25,0.5
510,0,160,202,-0.5,0.25,-0.5
511,-1,46,103,0.5,0.25,0.5
512,0,65,203,-0.5,-0.25,0.5
513,-1,77,106,0.5,0.25,0.5
514,-1,122,101,0.5,0.25,0.5
515,-1,160,106,0.5,-0.25,-0.5
516,-1,122,107,0.5,0.25,0.5
517,0,77,206,-0.5,-0.25,0.5
518,0,77,202,-0.5,-0.25,0.5
519,-1,160,105,0.5,-0.25,-0.5
520,0,122,208,-0.5,-0.25,0.5
521,0,122,104,0.5,0.25,0.5
522,0,122,202,-0.5,-0.25,0.5
523,0,122,205,-0.5,-0.25,0.5
524,0,77,208,-0.5,-0.25,0.5
525,-1,108,202,-0.5,-0.25,0.5
526,-1,143,103,0.5,0.25,0.5
527,-1,77,102,0.5,0.25,0.5
528,0,26,208,-0.5,-0.25,0.5
529,-1,143,106,0.5,0.25,0.5
530,-1,77,107,0.5,0.25,0.5
531,-1,26,102,0.5,0.25,0.5
532,0,116,207,-0.5,-0.25,0.5
533,0,26,107,0.5,0.25,0.5
534,0,143,207,-0.5,-0.25,0.5
535,-1,116,103,0.5,0.25,0.5
536,-1,143,204,-0.5,-0.25,0.5
537,0,108,204,-0.5,-0.25,0.5
538,-1,108,106,0.5,0.25,0.5
539,-1,126,105,0.5,0.25,0.5
540,-1,98,207,-0.5,-0.25,0.5
541,-1,108,105,0.5,0.25,0.5
542,0,108,203,-0.5,-0.25,0.5
543,-1,98,108,0.5,0.25,0.5
544,-1,98,104,0.5,0.25,0.5
545,0,126,202,-0.5,-0.25,0.5
546,0,116,205,-0.5,-0.25,0.5
547,0,167,101,0.5,-0.25,-0.5
548,0,98,206,-0.5,-0.25,0.5
549,0,126,207,-0.5,-0.25,0.5
550,-1,116,101,0.5,0.25,0.5
551,-1,98,102,0.5,0.25,0.5
552,-1,165,202,-0.5,0.25,-0.5
553,-1,126,103,0.5,0.25,0.5
554,-1,165,104,0.5,-0.25,-0.5
555,-1,126,107,0.5,0.25,0.5
556,-1,167,208,-0.5,0.25,-0.5
557,-1,98,202,-0.5,-0.25,0.5
558,-1,165,103,0.5,-0.25,-0.5
559,-1,167,103,0.5,-0.25,-0.5
560,-1,126,206,-0.5,-0.25,0.5
561,0,167,104,0.5,-0.25,-0.5
562,0,165,205,-0.5,0.25,-0.5
563,0,121,201,-0.5,-0.25,0.5
564,-1,139,105,0.5,0.25,0.5
565,0,121,101,0.5,0.25,0.5
566,-1,167,206,-0.5,0.25,-0.5
567,0,121,106,0.5,0.25,0.5
568,0,121,103,0.5,0.25,0.5
569,0,165,204,-0.5,0.25,-0.5
570,-1,129,101,0.5,0.25,0.5
571,0,139,205,-0.5,-0.25,0.5
572,0,139,104,0.5,0.25,0.5
573,0,121,207,-0.5,-0.25,0.5
574,-1,129,202,-0.5,-0.25,0.5
575,0,139,204,-0.5,-0.25,0.5
576,-1,172,107,0.5,-0.25,-0.5
577,0,172,204,-0.5,0.25,-0.5
578,-1,129,102,0.5,0.25,0.5
579,0,121,203,-0.5,-0.25,0.5
580,0,129,204,-0.5,-0.25,0.5
581,-1,177,208,-0.5,0.25,-0.5
582,0,129,206,-0.5,-0.25,0.5
583,-1,172,105,0.5,-0.25,-0.5
584,-1,177,106,0.5,-0.25,-0.5
585,-1,67,204,-0.5,-0.25,0.5
586,-1,172,102,0.5,-0.25,-0.5
587,-1,177,203,-0.5,0.25,-0.5
588,-1,67,203,-0.5,-0.25,0.5
589,-1,67,205,-0.5,-0.25,0.5
590,0,172,208,-0.5,0.25,-0.5
591,0,158,204,-0.5,-0.25,0.5
592,-1,67,103,0.5,0.25,0.5
593,-1,158,102,0.5,0.25,0.5
594,0,158,205,-0.5,-0.25,0.5
595,-1,172,202,-0.5,0.25,-0.5
596,-1,158,208,-0.5,-0.25,0.5
597,-1,158,104,0.5,0.25,0.5
598,-1,67,108,0.5,0.25,0.5
599,-1,58,107,0.5,0.25,0.5
600,-1,158,105,0.5,0.25,0.5
601,0,179,107,0.5,-0.25,-0.5
602,0,58,202,-0.5,-0.25,0.5
603,0,182,201,-0.5,0.25,-0.5
604,-1,179,108,0.5,-0.25,-0.5
605,-1,177,205,-0.5,0.25,-0.5
606,-1,177,108,0.5,-0.25,-0.5
607,-1,179,208,-0.5,0.25,-0.5
608,0,182,203,-0.5,0.25,-0.5
609,-1,179,206,-0.5,0.25,-0.5
610,-1,179,105,0.5,-0.25,-0.5
611,-1,58,106,0.5,0.25,0.5
612,0,140,201,-0.5,-0.25,0.5
613,0,58,207,-0.5,-0.25,0.5
614,0,140,202,-0.5,-0.25,0.5
615,-1,182,107,0.5,-0.25,-0.5
616,-1,140,103,0.5,0.25,0.5
617,-1,179,204,-0.5,0.25,-0.5
618,-1,140,101,0.5,0.25,0.5
619,0,182,101,0.5,-0.25,-0.5
620,0,159,202,-0.5,-0.25,0.5
621,-1,159,103,0.5,0.25,0.5
622,-1,140,104,0.5,0.25,0.5
623,-1,182,102,0.5,-0.25,-0.5
624,0,140,205,-0.5,-0.25,0.5
625,0,159,208,-0.5,-0.25,0.5
626,0,182,207,-0.5,0.25,-0.5
627,0,159,205,-0.5,-0.25,0.5
628,-1,159,104,0.5,0.25,0.5
629,-1,159,107,0.5,0.25,0.5
630,-1,188,105,0.5,-0.25,-0.5
631,-1,188,102,0.5,-0.25,-0.5
632,0,188,208,-0.5,0.25,-0.5
633,0,188,204,-0.5,0.25,-0.5
634,0,117,205,-0.5,-0.25,0.5
635,-1,117,107,0.5,0.25,0.5
636,-1,188,206,-0.5,0.25,-0.5
637,-1,117,104,0.5,0.25,0.5
638,-1,169,104,0.5,0.25,0.5
639,0,117,207,-0.5,-0.25,0.5
640,0,169,205,-0.5,-0.25,0.5
641,-1,169,108,0.5,0.25,0.5
642,0,117,203,-0.5,-0.25,0.5
643,-1,194,107,0.5,-0.25,-0.5
644,-1,176,107,0.5,0.25,0.5
645,0,192,104,0.5,-0.25,-0.5
646,0,192,207,-0.5,0.25,-0.5
647,-1,192,208,-0.5,0.25,-0.5
648,-1,194,205,-0.5,0.25,-0.5
649,0,169,201,-0.5,-0.25,0.5
650,-1,192,103,0.5,-0.25,-0.5
651,-1,169,107,0.5,0.25,0.5
652,-1,176,108,0.5,0.25,0.5
653,-1,192,102,0.5,-0.25,-0.5
654,-1,169,202,-0.5,-0.25,0.5
655,-1,194,202,-0.5,0.25,-0.5
656,0,176,204,-0.5,-0.25,0.5
657,0,194,207,-0.5,0.25,-0.5
658,-1,194,104,0.5,-0.25,-0.5
659,-1,176,202,-0.5,-0.25,0.5
660,0,176,207,-0.5,-0.25,0.5
661,-1,181,206,-0.5,-0.25,0.5
662,-1,181,207,-0.5,-0.25,0.5
663,-1,181,103,0.5,0.25,0.5
664,0,183,208,-0.5,-0.25,0.5
665,0,183,203,-0.5,-0.25,0.5
666,0,181,205,-0.5,-0.25,0.5
667,-1,183,107,0.5,0.25,0.5
668,-1,181,105,0.5,0.25,0.5
669,-1,183,106,0.5,0.25,0.5
670,-1,205,108,0.5,-0.25,-0.5
671,-1,205,105,0.5,-0.25,-0.5
672,0,205,208,-0.5,0.25,-0.5
673,-1,178,205,-0.5,-0.25,0.5
674,-1,180,106,0.5,0.25,0.5
675,-1,205,106,0.5,-0.25,-0.5
676,0,178,105,0.5,0.25,0.5
677,-1,180,202,-0.5,-0.25,0.5
678,-1,178,108,0.5,0.25,0.5
679,-1,180,207,-0.5,-0.25,0.5
680,-1,180,108,0.5,0.25,0.5
681,-1,178,202,-0.5,-0.25,0.5
682,-1,178,107,0.5,0.25,0.5
683,0,180,204,-0.5,-0.25,0.5
684,0,205,201,-0.5,0.25,-0.5
685,0,205,203,-0.5,0.25,-0.5
686,-1,178,204,-0.5,-0.25,0.5
687,0,187,205,-0.5,-0.25,0.5
688,-1,187,101,0.5,0.25,0.5
689,-1,187,107,0.5,0.25,0.5
690,0,187,207,-0.5,-0.25,0.5
691,-1,208,206,-0.5,0.25,-0.5
692,-1,208,106,0.5,-0.25,-0.5
693,0,207,207,-0.5,0.25,-0.5
694,0,187,201,-0.5,-0.25,0.5
695,0,184,201,-0.5,-0.25,0.5
696,-1,184,104,0.5,0.25,0.5
697,0,207,203,-0.5,0.25,-0.5
698,-1,208,203,-0.5,0.25,-0.5
699,0,208,105,0.5,-0.25,-0.5
700,-1,208,207,-0.5,0.25,-0.5
701,0,207,101,0.5,-0.25,-0.5
702,-1,208,103,0.5,-0.25,-0.5
703,-1,174,104,0.5,0.25,0.5
704,-1,184,107,0.5,0.25,0.5
705,-1,174,207,-0.5,-0.25,0.5
706,0,184,208,-0.5,-0.25,0.5
707,0,207,107,0.5,-0.25,-0.5
708,-1,174,107,0.5,0.25,0.5
709,-1,191,105,0.5,0.25,0.5
710,-1,191,102,0.5,0.25,0.5
711,0,184,202,-0.5,-0.25,0.5
712,0,191,104,0.5,0.25,0.5
713,-1,209,108,0.5,-0.25,-0.5
714,0,191,206,-0.5,-0.25,0.5
715,-1,209,203,-0.5,0.25,-0.5
716,-1,174,108,0.5,0.25,0.5
717,-1,209,107,0.5,-0.25,-0.5
718,0,174,206,-0.5,-0.25,0.5
719,0,191,203,-0.5,-0.25,0.5
720,-1,196,105,0.5,0.25,0.5
721,0,191,201,-0.5,-0.25,0.5
722,-1,209,202,-0.5,0.25,-0.5
723,0,209,101,0.5,-0.25,-0.5
724,-1,196,102,0.5,0.25,0.5
725,-1,214,208,-0.5,0.25,-0.5
726,-1,209,206,-0.5,0.25,-0.5
727,0,213,101,0.5,-0.25,-0.5
728,-1,196,203,-0.5,-0.25,0.5
729,0,196,208,-0.5,-0.25,0.5
730,0,213,106,0.5,-0.25,-0.5
731,-1,213,202,-0.5,0.25,-0.5
732,-1,213,207,-0.5,0.25,-0.5
733,-1,196,202,-0.5,-0.25,0.5
734,0,214,204,-0.5,0.25,-0.5
735,-1,214,103,0.5,-0.25,-0.5
736,-1,213,103,0.5,-0.25,-0.5
737,-1,214,101,0.5,-0.25,-0.5
738,-1,203,103,0.5,0.25,0.5
739,0,203,202,-0.5,-0.25,0.5
740,-1,203,108,0.5,0.25,0.5
741,0,203,201,-0.5,-0.25,0.5
742,-1,204,105,0.5,0.25,0.5
743,0,204,202,-0.5,-0.25,0.5
744,-1,204,102,0.5,0.25,0.5
745,0,204,201,-0.5,-0.25,0.5
746,0,204,203,-0.5,-0.25,0.5
747,0,195,208,-0.5,-0.25,0.5
748,0,195,204,-0.5,-0.25,0.5
749,-1,195,107,0.5,0.25,0.5
750,-1,212,203,-0.5,-0.25,0.5
751,-1,212,107,0.5,0.25,0.5
752,-1,212,103,0.5,0.25,0.5
753,0,195,105,0.5,0.25,0.5
754,-1,212,106,0.5,0.25,0.5
755,-1,195,106,0.5,0.25,0.5
756,0,195,201,-0.5,-0.25,0.5
757,-1,157,202,-0.5,-0.25,0.5
758,-1,212,204,-0.5,-0.25,0.5
759,-1,212,201,-0.5,-0.25,0.5
760,-1,157,204,-0.5,-0.25,0.5
761,-1,157,208,-0.5,-0.25,0.5
762,-1,157,108,0.5,0.25,0.5
763,-1,157,103,0.5,0.25,0.5
764,0,215,201,-0.5,-0.25,0.5
765,-1,215,103,0.5,0.25,0.5
766,-1,227,207,-0.5,0.25,-0.5
767,0,215,208,-0.5,-0.25,0.5
768,0,227,205,-0.5,0.25,-0.5
769,-1,227,101,0.5,-0.25,-0.5
770,-1,215,101,0.5,0.25,0.5
771,-1,228,102,0.5,-0.25,-0.5
772,0,228,201,-0.5,0.25,-0.5
773,-1,215,202,-0.5,-0.25,0.5
774,-1,215,105,0.5,0.25,0.5
775,0,228,208,-0.5,0.25,-0.5
776,-1,227,106,0.5,-0.25,-0.5
777,-1,228,108,0.5,-0.25,-0.5
778,-1,227,108,0.5,-0.25,-0.5
779,0,228,204,-0.5,0.25,-0.5
780,0,231,204,-0.5,0.25,-0.5
781,0,231,202,-0.5,0.25,-0.5
782,-1,231,107,0.5,-0.25,-0.5
783,0,231,205,-0.5,0.25,-0.5
784,-1,216,105,0.5,0.25,0.5
785,-1,231,101,0.5,-0.25,-0.5
786,-1,235,102,0.5,-0.25,-0.5
787,-1,216,108,0.5,0.25,0.5
788,-1,216,202,-0.5,-0.25,0.5
789,-1,235,103,0.5,-0.25,-0.5
790,0,199,206,-0.5,-0.25,0.5
791,0,199,203,-0.5,-0.25,0.5
792,0,235,204,-0.5,0.25,-0.5
793,-1,216,203,-0.5,-0.25,0.5
794,0,235,201,-0.5,0.25,-0.5
795,0,235,106,0.5,-0.25,-0.5
796,0,235,206,-0.5,0.25,-0.5
797,0,229,102,0.5,0.25,0.5
798,-1,199,103,0.5,0.25,0.5
799,0,229,206,-0.5,-0.25,0.5
800,-1,199,108,0.5,0.25,0.5
801,0,229,107,0.5,0.25,0.5
802,0,229,207,-0.5,-0.25,0.5
803,-1,230,104,0.5,0.25,0.5
804,-1,230,207,-0.5,-0.25,0.5
805,0,229,201,-0.5,-0.25,0.5
806,0,230,204,-0.5,-0.25,0.5
807,0,230,201,-0.5,-0.25,0.5
808,0,229,103,0.5,0.25,0.5
809,0,230,108,0.5,0.25,0.5
810,-1,237,105,0.5,-0.25,-0.5
811,-1,237,203,-0.5,0.25,-0.5
812,-1,237,206,-0.5,0.25,-0.5
813,-1,237,101,0.5,-0.25,-0.5
814,-1,237,208,-0.5,0.25,-0.5
815,-1,237,108,0.5,-0.25,-0.5
816,-1,233,104,0.5,0.25,0.5
817,-1,233,204,-0.5,-0.25,0.5
818,-1,233,202,-0.5,-0.25,0.5
819,-1,233,107,0.5,0.25,0.5
820,-1,226,102,0.5,0.25,0.5
821,0,226,206,-0.5,-0.25,0.5
822,-1,233,101,0.5,0.25,0.5
823,-1,233,206,-0.5,-0.25,0.5
824,0,224,203,-0.5,-0.25,0.5
825,0,226,101,0.5,0.25,0.5
826,-1,226,203,-0.5,-0.25,0.5
827,-1,224,102,0.5,0.25,0.5
828,0,224,106,0.5,0.25,0.5
829,-1,226,201,-0.5,-0.25,0.5
830,0,224,206,-0.5,-0.25,0.5
831,0,226,107,0.5,0.25,0.5
832,-1,224,205,-0.5,-0.25,0.5
833,-1,224,103,0.5,0.25,0.5
834,0,251,206,-0.5,0.25,-0.5
835,-1,251,107,0.5,-0.25,-0.5
836,0,251,204,-0.5,0.25,-0.5
837,-1,251,103,0.5,-0.25,-0.5
838,0,239,204,-0.5,-0.25,0.5
839,-1,239,107,0.5,0.25,0.5
840,0,239,208,-0.5,-0.25,0.5
841,-1,218,108,0.5,0.25,0.5
842,-1,236,103,0.5,0.25,0.5
843,-1,218,106,0.5,0.25,0.5
844,-1,218,203,-0.5,-0.25,0.5
845,-1,239,105,0.5,0.25,0.5
846,0,239,205,-0.5,-0.25,0.5
847,-1,246,106,0.5,0.25,0.5
848,-1,245,205,-0.5,-0.25,0.5
849,-1,245,101,0.5,0.25,0.5
850,-1,234,201,-0.5,-0.25,0.5
851,-1,218,208,-0.5,-0.25,0.5
852,-1,236,206,-0.5,-0.25,0.5
853,-1,234,108,0.5,0.25,0.5
854,-1,246,202,-0.5,-0.25,0.5
855,-1,246,205,-0.5,-0.25,0.5
856,-1,245,104,0.5,0.25,0.5
857,0,246,201,-0.5,-0.25,0.5
858,0,234,107,0.5,0.25,0.5
859,0,236,201,-0.5,-0.25,0.5
860,-1,246,107,0.5,0.25,0.5
861,-1,236,102,0.5,0.25,0.5
862,0,245,208,-0.5,-0.25,0.5
863,-1,244,206,-0.5,-0.25,0.5
864,-1,218,104,0.5,0.25,0.5
865,0,234,206,-0.5,-0.25,0.5
866,-1,236,106,0.5,0.25,0.5
867,-1,244,102,0.5,0.25,0.5
868,0,236,205,-0.5,-0.25,0.5
869,-1,244,108,0.5,0.25,0.5
870,-1,246,103,0.5,0.25,0.5
871,-1,244,202,-0.5,-0.25,0.5
872,0,245,204,-0.5,-0.25,0.5
873,-1,244,107,0.5,0.25,0.5
874,-1,244,207,-0.5,-0.25,0.5
875,-1,242,108,0.5,0.25,0.5
876,-1,242,102,0.5,0.25,0.5
877,0,242,203,-0.5,-0.25,0.5
878,-1,242,105,0.5,0.25,0.5
879,-1,255,203,-0.5,0.25,-0.5
880,-1,242,208,-0.5,-0.25,0.5
881,-1,249,102,0.5,0.25,0.5
882,0,255,104,0.5,-0.25,-0.5
883,-1,255,208,-0.5,0.25,-0.5
884,0,249,207,-0.5,-0.25,0.5
885,-1,249,108,0.5,0.25,0.5
886,0,249,205,-0.5,-0.25,0.5
887,0,249,107,0.5,0.25,0.5
888,0,258,205,-0.5,0.25,-0.5
889,-1,249,208,-0.5,-0.25,0.5
890,-1,255,103,0.5,-0.25,-0.5
891,-1,258,102,0.5,-0.25,-0.5
892,0,255,206,-0.5,0.25,-0.5
893,-1,258,208,-0.5,0.25,-0.5
894,0,258,207,-0.5,0.25,-0.5
895,-1,260,208,-0.5,0.25,-0.5
896,-1,258,108,0.5,-0.25,-0.5
897,-1,258,107,0.5,-0.25,-0.5
898,0,260,201,-0.5,0.25,-0.5
899,0,260,101,0.5,-0.25,-0.5
900,-1,260,102,0.5,-0.25,-0.5
901,0,260,104,0.5,-0.25,-0.5
902,0,260,202,-0.5,0.25,-0.5
903,-1,263,208,-0.5,0.25,-0.5
904,-1,263,104,0.5,-0.25,-0.5
905,0,263,102,0.5,-0.25,-0.5
906,0,263,205,-0.5,0.25,-0.5
907,-1,253,101,0.5,0.25,0.5
908,-1,253,205,-0.5,-0.25,0.5
909,-1,253,105,0.5,0.25,0.5
910,0,253,203,-0.5,-0.25,0.5
911,0,253,201,-0.5,-0.25,0.5
912,0,253,107,0.5,0.25,0.5
913,-1,257,201,-0.5,-0.25,0.5
914,0,257,203,-0.5,-0.25,0.5
915,-1,257,205,-0.5,-0.25,0.5
916,-1,257,103,0.5,0.25,0.5
917,-1,257,108,0.5,0.25,0.5
918,-1,257,101,0.5,0.25,0.5
919,-1,261,205,-0.5,-0.25,0.5
920,-1,261,102,0.5,0.25,0.5
921,-1,261,207,-0.5,-0.25,0.5
922,0,261,101,0.5,0.25,0.5
923,-1,261,105,0.5,0.25,0.5
924,-1,261,206,-0.5,-0.25,0.5
925,-1,259,108,0.5,0.25,0.5
926,-1,259,205,-0.5,-0.25,0.5
927,-1,259,202,-0.5,-0.25,0.5
928,-1,259,105,0.5,0.25,0.5
929,-1,259,201,-0.5,-0.25,0.5
930,-1,259,104,0.5,0.25,0.5
931,-1,269,106,0.5,-0.25,-0.5
932,-1,269,205,-0.5,0.25,-0.5
933,-1,270,103,0.5,-0.25,-0.5
934,-1,269,203,-0.5,0.25,-0.5
935,0,270,204,-0.5,0.25,-0.5
936,-1,269,107,0.5,-0.25,-0.5
937,-1,269,103,0.5,-0.25,-0.5
938,0,270,205,-0.5,0.25,-0.5
939,-1,270,108,0.5,-0.25,-0.5
940,-1,270,101,0.5,-0.25,-0.5
941,0,270,208,-0.5,0.25,-0.5
942,-1,265,104,0.5,0.25,0.5
943,0,265,208,-0.5,-0.25,0.5
944,-1,264,203,-0.5,-0.25,0.5
945,-1,264,103,0.5,0.25,0.5
946,-1,265,105,0.5,0.25,0.5
947,-1,264,207,-0.5,-0.25,0.5
948,-1,264,107,0.5,0.25,0.5
949,0,265,205,-0.5,-0.25,0.5
950,0,265,207,-0.5,-0.25,0.5
951,-1,264,208,-0.5,-0.25,0.5
952,-1,264,104,0.5,0.25,0.5
953,-1,273,202,-0.5,0.25,-0.5
954,-1,273,205,-0.5,0.25,-0.5
955,-1,275,103,0.5,-0.25,-0.5
956,0,267,206,-0.5,-0.25,0.5
957,-1,273,103,0.5,-0.25,-0.5
958,-1,275,203,-0.5,0.25,-0.5
959,-1,267,101,0.5,0.25,0.5
960,-1,267,108,0.5,0.25,0.5
961,0,275,206,-0.5,0.25,-0.5
962,-1,267,204,-0.5,-0.25,0.5
963,-1,273,105,0.5,-0.25,-0.5
964,-1,273,206,-0.5,0.25,-0.5
965,-1,267,102,0.5,0.25,0.5
966,-1,275,106,0.5,-0.25,-0.5
967,-1,267,208,-0.5,-0.25,0.5
968,0,275,205,-0.5,0.25,-0.5
969,0,276,205,-0.5,0.25,-0.5
970,-1,276,103,0.5,-0.25,-0.5
971,-1,276,105,0.5,-0.25,-0.5
972,-1,276,208,-0.5,0.25,-0.5
973,-1,276,101,0.5,-0.25,-0.5
974,0,286,205,-0.5,0.25,-0.5
975,-1,286,107,0.5,-0.25,-0.5
976,-1,286,105,0.5,-0.25,-0.5
977,-1,289,207,-0.5,0.25,-0.5
978,0,289,204,-0.5,0.25,-0.5
979,0,286,201,-0.5,0.25,-0.5
980,0,289,202,-0.5,0.25,-0.5
981,-1,278,106,0.5,0.25,0.5
982,0,286,208,-0.5,0.25,-0.5
983,0,291,204,-0.5,0.25,-0.5
984,0,278,205,-0.5,-0.25,0.5
985,-1,291,107,0.5,-0.25,-0.5
986,0,291,208,-0.5,0.25,-0.5
987,-1,278,102,0.5,0.25,0.5
988,-1,291,104,0.5,-0.25,-0.5
989,0,278,203,-0.5,-0.25,0.5
990,-1,278,104,0.5,0.25,0.5
991,0,278,201,-0.5,-0.25,0.5
992,0,286,104,0.5,-0.25,-0.5
993,-1,289,108,0.5,-0.25,-0.5
994,-1,292,101,0.5,-0.25,-0.5
995,0,291,203,-0.5,0.25,-0.5
996,0,289,103,0.5,-0.25,-0.5
997,-1,292,207,-0.5,0.25,-0.5
998,-1,292,106,0.5,-0.25,-0.5
999,-1,292,202,-0.5,0.25,-0.5
1000,0,292,201,-0.5,0.25,-0.5
1001,-1,292,102,0.5,-0.25,-0.5
1002,0,294,206,-0.5,0.25,-0.5
1003,-1,294,207,-0.5,0.25,-0.5
1004,-1,279,104,0.5,0.25,0.5
1005,-1,294,108,0.5,-0.25,-0.5
1006,0,279,201,-0.5,-0.25,0.5
1007,-1,279,108,0.5,0.25,0.5
1008,-1,294,103,0.5,-0.25,-0.5
1009,-1,279,106,0.5,0.25,0.5
1010,0,294,201,-0.5,0.25,-0.5
1011,0,279,205,-0.5,-0.25,0.5
1012,-1,288,102,0.5,0.25,0.5
1013,-1,288,202,-0.5,-0.25,0.5
1014,0,279,203,-0.5,-0.25,0.5
1015,0,288,206,-0.5,-0.25,0.5
1016,-1,288,107,0.5,0.25,0.5
1017,-1,288,203,-0.5,-0.25,0.5
1018,-1,281,202,-0.5,-0.25,0.5
1019,-1,288,103,0.5,0.25,0.5
1020,-1,281,107,0.5,0.25,0.5
1021,-1,281,206,-0.5,-0.25,0.5
1022,-1,281,207,-0.5,-0.25,0.5
1023,-1,281,101,0.5,0.25,0.5
1024,-1,281,108,0.5,0.25,0.5
1025,-1,298,206,-0.5,0.25,-0.5
1026,-1,298,108,0.5,-0.25,-0.5
1027,-1,298,103,0.5,-0.25,-0.5
1028,0,298,201,-0.5,0.25,-0.5
1029,-1,298,105,0.5,-0.25,-0.5
1030,-1,298,205,-0.5,0.25,-0.5
1031,-1,293,103,0.5,0.25,0.5
1032,-1,293,107,0.5,0.25,0.5
1033,0,293,201,-0.5,-0.25,0.5
1034,0,293,204,-0.5,-0.25,0.5
1035,0,293,205,-0.5,-0.25,0.5
1036,-1,295,207,-0.5,-0.25,0.5
1037,-1,295,101,0.5,0.25,0.5
1038,0,295,105,0.5,0.25,0.5
1039,0,295,204,-0.5,-0.25,0.5
1040,-1,295,107,0.5,0.25,0.5
1041,0,295,208,-0.5,-0.25,0.5
1042,-1,303,204,-0.5,0.25,-0.5
1043,-1,303,105,0.5,-0.25,-0.5
1044,0,303,208,-0.5,0.25,-0.5
1045,-1,303,102,0.5,-0.25,-0.5
1046,0,303,206,-0.5,0.25,-0.5
1047,-1,307,205,-0.5,0.25,-0.5
1048,-1,307,105,0.5,-0.25,-0.5
1049,-1,307,102,0.5,-0.25,-0.5
1050,0,307,204,-0.5,0.25,-0.5
1051,0,307,206,-0.5,0.25,-0.5
1052,-1,307,104,0.5,-0.25,-0.5
1053,0,305,208,-0.5,-0.25,0.5
1054,-1,305,106,0.5,0.25,0.5
1055,-1,305,207,-0.5,-0.25,0.5
1056,-1,305,103,0.5,0.25,0.5
1057,-1,305,104,0.5,0.25,0.5
1058,0,305,206,-0.5,-0.25,0.5
1059,-1,308,104,0.5,0.25,0.5
1060,0,308,207,-0.5,-0.25,0.5
1061,-1,308,101,0.5,0.25,0.5
1062,0,308,201,-0.5,-0.25,0.5
1063,0,308,206,-0.5,-0.25,0.5
1064,0,311,203,-0.5,-0.25,0.5
1065,0,311,208,-0.5,-0.25,0.5
1066,-1,311,101,0.5,0.25,0.5
1067,-1,311,106,0.5,0.25,0.5
1068,-1,311,202,-0.5,-0.25,0.5
1069,-1,313,101,0.5,0.25,0.5
1070,-1,313,202,-0.5,-0.25,0.5
1071,0,313,201,-0.5,-0.25,0.5
1072,-1,313,107,0.5,0.25,0.5
1073,-1,315,108,0.5,-0.25,-0.5
1074,-1,315,207,-0.5,0.25,-0.5
1075,-1,315,202,-0.5,0.25,-0.5
1076,0,315,206,-0.5,0.25,-0.5
1077,-1,315,104,0.5,-0.25,-0.5
1078,0,317,208,-0.5,-0.25,0.5
1079,0,317,203,-0.5,-0.25,0.5
1080,-1,317,101,0.5,0.25,0.5
1081,-1,317,108,0.5,0.25,0.5
1082,0,317,202,-0.5,-0.25,0.5
1083,-1,317,103,0.5,0.25,0.5
1084,0,318,204,-0.5,-0.25,0.5
1085,-1,318,108,0.5,0.25,0.5
1086,-1,318,107,0.5,0.25,0.5
1087,-1,318,207,-0.5,-0.25,0.5
1088,0,318,202,-0.5,-0.25,0.5
1089,0,319,205,-0.5,0.25,-0.5
1090,-1,319,206,-0.5,0.25,-0.5
1091,-1,319,105,0.5,-0.25,-0.5
1092,-1,319,202,-0.5,0.25,-0.5
1093,-1,319,104,0.5,-0.25,-0.5
1094,-1,320,202,-0.5,-0.25,0.5
1095,-1,320,103,0.5,0.25,0.5
1096,0,320,208,-0.5,-0.25,0.5
1097,-1,320,107,0.5,0.25,0.5
1098,-1,320,108,0.5,0.25,0.5
1099,0,320,204,-0.5,-0.25,0.5
1100,-1,321,203,-0.5,-0.25,0.5
1101,-1,321,103,0.5,0.25,0.5
1102,0,321,205,-0.5,-0.25,0.5
1103,-1,321,207,-0.5,-0.25,0.5
1104,-1,321,101,0.5,0.25,0.5
1105,0,325,201,-0.5,0.25,-0.5
1106,0,325,204,-0.5,0.25,-0.5
1107,-1,325,101,0.5,-0.25,-0.5
1108,-1,325,105,0.5,-0.25,-0.5
1109,0,333,207,-0.5,0.25,-0.5
1110,0,337,203,-0.5,0.25,-0.5
1111,-1,333,103,0.5,-0.25,-0.5
1112,-1,337,101,0.5,-0.25,-0.5
1113,-1,344,105,0.5,-0.25,-0.5
1114,-1,337,108,0.5,-0.25,-0.5
1115,-1,333,102,0.5,-0.25,-0.5
1116,0,337,204,-0.5,0.25,-0.5
1117,0,333,208,-0.5,0.25,-0.5
1118,0,333,206,-0.5,0.25,-0.5
1119,-1,345,101,0.5,-0.25,-0.5
1120,-1,342,106,0.5,-0.25,-0.5
1121,-1,346,206,-0.5,0.25,-0.5
1122,-1,344,208,-0.5,0.25,-0.5
1123,0,347,205,-0.5,0.25,-0.5
1124,0,344,202,-0.5,0.25,-0.5
1125,0,342,205,-0.5,0.25,-0.5
1126,-1,347,202,-0.5,0.25,-0.5
1127,-1,337,207,-0.5,0.25,-0.5
1128,0,344,207,-0.5,0.25,-0.5
1129,-1,345,106,0.5,-0.25,-0.5
1130,-1,346,103,0.5,-0.25,-0.5
1131,-1,342,203,-0.5,0.25,-0.5
1132,0,345,107,0.5,-0.25,-0.5
1133,-1,346,203,-0.5,0.25,-0.5
1134,-1,347,106,0.5,-0.25,-0.5
1135,0,345,203,-0.5,0.25,-0.5
1136,-1,344,102,0.5,-0.25,-0.5
1137,0,345,208,-0.5,0.25,-0.5
1138,0,342,102,0.5,-0.25,-0.5
1139,-1,354,201,-0.5,0.25,-0.5
1140,-1,344,108,0.5,-0.25,-0.5
1141,-1,347,204,-0.5,0.25,-0.5
1142,0,354,203,-0.5,0.25,-0.5
1143,-1,346,104,0.5,-0.25,-0.5
1144,-1,342,202,-0.5,0.25,-0.5
1145,0,354,205,-0.5,0.25,-0.5
1146,-1,347,103,0.5,-0.25,-0.5
1147,0,346,105,0.5,-0.25,-0.5
1148,-1,346,201,-0.5,0.25,-0.5
1149,-1,354,108,0.5,-0.25,-0.5
1150,-1,359,102,0.5,-0.25,-0.5
1151,-1,347,104,0.5,-0.25,-0.5
1152,-1,365,202,-0.5,0.25,-0.5
1153,0,354,107,0.5,-0.25,-0.5
1154,-1,365,207,-0.5,0.25,-0.5
1155,-1,365,101,0.5,-0.25,-0.5
1156,-1,359,104,0.5,-0.25,-0.5
1157,-1,365,103,0.5,-0.25,-0.5
1158,0,365,203,-0.5,0.25,-0.5
1159,0,359,208,-0.5,0.25,-0.5
1160,0,359,202,-0.5,0.25,-0.5
1161,0,359,207,-0.5,0.25,-0.5
1162,-1,328,107,0.5,0.25,0.5
1163,-1,376,208,-0.5,0.25,-0.5
1164,-1,328,101,0.5,0.25,0.5
1165,-1,376,107,0.5,-0.25,-0.5
1166,0,328,208,-0.5,-0.25,0.5
1167,0,376,205,-0.5,0.25,-0.5
1168,0,365,107,0.5,-0.25,-0.5
1169,-1,329,202,-0.5,-0.25,0.5
1170,0,379,208,-0.5,0.25,-0.5
1171,0,328,203,-0.5,-0.25,0.5
1172,-1,376,105,0.5,-0.25,-0.5
1173,0,329,207,-0.5,-0.25,0.5
1174,0,376,202,-0.5,0.25,-0.5
1175,0,375,203,-0.5,0.25,-0.5
1176,0,379,204,-0.5,0.25,-0.5
1177,-1,381,203,-0.5,0.25,-0.5
1178,0,375,205,-0.5,0.25,-0.5
1179,-1,381,103,0.5,-0.25,-0.5
1180,0,329,101,0.5,0.25,0.5
1181,-1,375,106,0.5,-0.25,-0.5
1182,-1,328,102,0.5,0.25,0.5
1183,0,381,104,0.5,-0.25,-0.5
1184,-1,379,102,0.5,-0.25,-0.5
1185,0,328,206,-0.5,-0.25,0.5
1186,-1,381,107,0.5,-0.25,-0.5
1187,-1,376,106,0.5,-0.25,-0.5
1188,-1,385,103,0.5,-0.25,-0.5
1189,-1,385,208,-0.5,0.25,-0.5
1190,-1,379,108,0.5,-0.25,-0.5
1191,0,375,208,-0.5,0.25,-0.5
1192,-1,329,206,-0.5,-0.25,0.5
1193,-1,329,104,0.5,0.25,0.5
1194,-1,335,107,0.5,0.25,0.5
1195,-1,375,101,0.5,-0.25,-0.5
1196,0,340,204,-0.5,-0.25,0.5
1197,0,381,204,-0.5,0.25,-0.5
1198,-1,389,105,0.5,-0.25,-0.5
1199,0,335,106,0.5,0.25,0.5
1200,0,379,203,-0.5,0.25,-0.5
1201,0,329,107,0.5,0.25,0.5
1202,-1,381,207,-0.5,0.25,-0.5
1203,-1,335,207,-0.5,-0.25,0.5
1204,-1,340,108,0.5,0.25,0.5
1205,-1,389,206,-0.5,0.25,-0.5
1206,0,393,102,0.5,-0.25,-0.5
1207,0,385,104,0.5,-0.25,-0.5
1208,0,385,201,-0.5,0.25,-0.5
1209,-1,393,107,0.5,-0.25,-0.5
1210,0,335,203,-0.5,-0.25,0.5
1211,-1,340,105,0.5,0.25,0.5
1212,0,385,102,0.5,-0.25,-0.5
1213,0,393,205,-0.5,0.25,-0.5
1214,0,389,204,-0.5,0.25,-0.5
1215,0,335,206,-0.5,-0.25,0.5
1216,-1,393,202,-0.5,0.25,-0.5
1217,-1,335,103,0.5,0.25,0.5
1218,0,340,203,-0.5,-0.25,0.5
1219,-1,408,208,-0.5,0.25,-0.5
1220,-1,340,207,-0.5,-0.25,0.5
1221,0,389,205,-0.5,0.25,-0.5
1222,-1,340,101,0.5,0.25,0.5
1223,0,393,106,0.5,-0.25,-0.5
1224,-1,389,101,0.5,-0.25,-0.5
1225,0,403,205,-0.5,0.25,-0.5
1226,0,411,201,-0.5,0.25,-0.5
1227,0,393,206,-0.5,0.25,-0.5
1228,-1,389,102,0.5,-0.25,-0.5
1229,-1,408,104,0.5,-0.25,-0.5
1230,0,403,202,-0.5,0.25,-0.5
1231,-1,408,101,0.5,-0.25,-0.5
1232,-1,407,105,0.5,-0.25,-0.5
1233,-1,408,206,-0.5,0.25,-0.5
1234,-1,334,206,-0.5,-0.25,0.5
1235,-1,403,104,0.5,-0.25,-0.5
1236,-1,411,106,0.5,-0.25,-0.5
1237,-1,408,103,0.5,-0.25,-0.5
1238,-1,334,105,0.5,0.25,0.5
1239,0,334,106,0.5,0.25,0.5
1240,-1,403,107,0.5,-0.25,-0.5
1241,0,334,204,-0.5,-0.25,0.5
1242,-1,411,207,-0.5,0.25,-0.5
1243,-1,423,101,0.5,-0.25,-0.5
1244,-1,407,205,-0.5,0.25,-0.5
1245,-1,424,108,0.5,-0.25,-0.5
1246,0,403,203,-0.5,0.25,-0.5
1247,0,411,105,0.5,-0.25,-0.5
1248,-1,407,103,0.5,-0.25,-0.5
1249,-1,331,103,0.5,0.25,0.5
1250,0,423,106,0.5,-0.25,-0.5
1251,-1,331,108,0.5,0.25,0.5
1252,-1,423,202,-0.5,0.25,-0.5
1253,-1,358,208,-0.5,-0.25,0.5
1254,-1,407,206,-0.5,0.25,-0.5
1255,0,331,101,0.5,0.25,0.5
1256,0,331,203,-0.5,-0.25,0.5
1257,-1,425,108,0.5,-0.25,-0.5
1258,-1,334,102,0.5,0.25,0.5
1259,-1,411,205,-0.5,0.25,-0.5
1260,-1,423,104,0.5,-0.25,-0.5
1261,0,358,204,-0.5,-0.25,0.5
1262,-1,407,104,0.5,-0.25,-0.5
1263,-1,358,108,0.5,0.25,0.5
1264,-1,411,103,0.5,-0.25,-0.5
1265,0,424,204,-0.5,0.25,-0.5
1266,0,425,203,-0.5,0.25,-0.5
1267,0,358,202,-0.5,-0.25,0.5
1268,0,331,208,-0.5,-0.25,0.5
1269,-1,423,206,-0.5,0.25,-0.5
1270,-1,338,206,-0.5,-0.25,0.5
1271,-1,407,201,-0.5,0.25,-0.5
1272,-1,424,104,0.5,-0.25,-0.5
1273,-1,423,201,-0.5,0.25,-0.5
1274,-1,358,107,0.5,0.25,0.5
1275,0,331,207,-0.5,-0.25,0.5
1276,-1,425,107,0.5,-0.25,-0.5
1277,-1,358,102,0.5,0.25,0.5
1278,0,341,204,-0.5,-0.25,0.5
1279,-1,425,206,-0.5,0.25,-0.5
1280,-1,425,101,0.5,-0.25,-0.5
1281,0,341,206,-0.5,-0.25,0.5
1282,0,425,204,-0.5,0.25,-0.5
1283,-1,437,107,0.5,-0.25,-0.5
1284,-1,338,104,0.5,0.25,0.5
1285,-1,341,101,0.5,0.25,0.5
1286,-1,441,208,-0.5,0.25,-0.5
1287,-1,424,202,-0.5,0.25,-0.5
1288,0,338,204,-0.5,-0.25,0.5
1289,0,353,201,-0.5,-0.25,0.5
1290,-1,437,205,-0.5,0.25,-0.5
1291,-1,341,106,0.5,0.25,0.5
1292,-1,437,104,0.5,-0.25,-0.5
1293,-1,441,107,0.5,-0.25,-0.5
1294,0,338,202,-0.5,-0.25,0.5
1295,-1,336,107,0.5,0.25,0.5
1296,-1,441,202,-0.5,0.25,-0.5
1297,-1,353,102,0.5,0.25,0.5
1298,-1,338,108,0.5,0.25,0.5
1299,-1,445,107,0.5,-0.25,-0.5
1300,-1,437,102,0.5,-0.25,-0.5
1301,0,341,203,-0.5,-0.25,0.5
1302,-1,336,108,0.5,0.25,0.5
1303,0,437,204,-0.5,0.25,-0.5
1304,-1,336,106,0.5,0.25,0.5
1305,0,360,201,-0.5,-0.25,0.5
1306,-1,353,108,0.5,0.25,0.5
1307,-1,353,104,0.5,0.25,0.5
1308,-1,341,103,0.5,0.25,0.5
1309,0,437,203,-0.5,0.25,-0.5
1310,-1,445,103,0.5,-0.25,-0.5
1311,0,353,207,-0.5,-0.25,0.5
1312,0,441,104,0.5,-0.25,-0.5
1313,0,353,203,-0.5,-0.25,0.5
1314,0,445,206,-0.5,0.25,-0.5
1315,0,445,204,-0.5,0.25,-0.5
1316,0,336,203,-0.5,-0.25,0.5
1317,-1,360,102,0.5,0.25,0.5
1318,0,336,204,-0.5,-0.25,0.5
1319,-1,360,105,0.5,0.25,0.5
1320,-1,441,101,0.5,-0.25,-0.5
1321,-1,360,205,-0.5,-0.25,0.5
1322,-1,369,107,0.5,0.25,0.5
1323,-1,336,202,-0.5,-0.25,0.5
1324,-1,445,104,0.5,-0.25,-0.5
1325,-1,447,108,0.5,-0.25,-0.5
1326,-1,369,102,0.5,0.25,0.5
1327,0,445,203,-0.5,0.25,-0.5
1328,-1,369,205,-0.5,-0.25,0.5
1329,0,360,204,-0.5,-0.25,0.5
1330,0,369,206,-0.5,-0.25,0.5
1331,-1,447,202,-0.5,0.25,-0.5
1332,-1,369,208,-0.5,-0.25,0.5
1333,0,452,205,-0.5,0.25,-0.5
1334,-1,447,103,0.5,-0.25,-0.5
1335,-1,369,103,0.5,0.25,0.5
1336,-1,399,207,-0.5,-0.25,0.5
1337,-1,447,106,0.5,-0.25,-0.5
1338,0,367,205,-0.5,-0.25,0.5
1339,-1,452,207,-0.5,0.25,-0.5
1340,0,351,104,0.5,0.25,0.5
1341,-1,447,203,-0.5,0.25,-0.5
1342,-1,447,206,-0.5,0.25,-0.5
1343,-1,452,101,0.5,-0.25,-0.5
1344,-1,452,105,0.5,-0.25,-0.5
1345,-1,367,108,0.5,0.25,0.5
1346,0,405,206,-0.5,-0.25,0.5
1347,-1,399,103,0.5,0.25,0.5
1348,-1,351,103,0.5,0.25,0.5
1349,0,405,104,0.5,0.25,0.5
1350,0,405,205,-0.5,-0.25,0.5
1351,0,399,206,-0.5,-0.25,0.5
1352,-1,367,206,-0.5,-0.25,0.5
1353,-1,399,107,0.5,0.25,0.5
1354,0,452,204,-0.5,0.25,-0.5
1355,0,367,203,-0.5,-0.25,0.5
1356,-1,351,206,-0.5,-0.25,0.5
1357,0,426,205,-0.5,-0.25,0.5
1358,0,367,106,0.5,0.25,0.5
1359,-1,351,203,-0.5,-0.25,0.5
1360,0,399,106,0.5,0.25,0.5
1361,-1,426,202,-0.5,-0.25,0.5
1362,0,391,201,-0.5,-0.25,0.5
1363,-1,426,101,0.5,0.25,0.5
1364,-1,426,106,0.5,0.25,0.5
1365,-1,363,201,-0.5,-0.25,0.5
1366,0,405,105,0.5,0.25,0.5
1367,-1,382,101,0.5,0.25,0.5
1368,-1,351,205,-0.5,-0.25,0.5
1369,-1,391,108,0.5,0.25,0.5
1370,0,405,204,-0.5,-0.25,0.5
1371,0,382,201,-0.5,-0.25,0.5
1372,-1,363,105,0.5,0.25,0.5
1373,0,391,203,-0.5,-0.25,0.5
1374,0,382,202,-0.5,-0.25,0.5
1375,0,426,107,0.5,0.25,0.5
1376,-1,391,207,-0.5,-0.25,0.5
1377,0,357,205,-0.5,-0.25,0.5
1378,0,382,205,-0.5,-0.25,0.5
1379,0,363,207,-0.5,-0.25,0.5
1380,0,405,108,0.5,0.25,0.5
1381,-1,462,103,0.5,-0.25,-0.5
1382,0,391,106,0.5,0.25,0.5
1383,-1,462,102,0.5,-0.25,-0.5
1384,-1,382,102,0.5,0.25,0.5
1385,0,463,205,-0.5,0.25,-0.5
1386,-1,357,103,0.5,0.25,0.5
1387,0,426,201,-0.5,-0.25,0.5
1388,0,387,207,-0.5,-0.25,0.5
1389,0,470,203,-0.5,0.25,-0.5
1390,-1,462,207,-0.5,0.25,-0.5
1391,-1,363,101,0.5,0.25,0.5
1392,-1,421,102,0.5,0.25,0.5
1393,-1,462,201,-0.5,0.25,-0.5
1394,0,467,202,-0.5,0.25,-0.5
1395,0,470,201,-0.5,0.25,-0.5
1396,-1,382,105,0.5,0.25,0.5
1397,-1,469,108,0.5,-0.25,-0.5
1398,0,421,208,-0.5,-0.25,0.5
1399,-1,357,106,0.5,0.25,0.5
1400,-1,470,103,0.5,-0.25,-0.5
1401,0,363,107,0.5,0.25,0.5
1402,-1,463,103,0.5,-0.25,-0.5
1403,0,357,204,-0.5,-0.25,0.5
1404,0,421,203,-0.5,-0.25,0.5
1405,-1,387,101,0.5,0.25,0.5
1406,0,421,206,-0.5,-0.25,0.5
1407,-1,462,107,0.5,-0.25,-0.5
1408,-1,467,107,0.5,-0.25,-0.5
1409,0,357,203,-0.5,-0.25,0.5
1410,0,470,208,-0.5,0.25,-0.5
1411,0,462,204,-0.5,0.25,-0.5
1412,-1,463,106,0.5,-0.25,-0.5
1413,-1,467,108,0.5,-0.25,-0.5
1414,-1,390,202,-0.5,-0.25,0.5
1415,-1,357,104,0.5,0.25,0.5
1416,0,440,201,-0.5,-0.25,0.5
1417,0,387,202,-0.5,-0.25,0.5
1418,-1,372,205,-0.5,-0.25,0.5
1419,-1,467,105,0.5,-0.25,-0.5
1420,-1,387,205,-0.5,-0.25,0.5
1421,0,467,204,-0.5,0.25,-0.5
1422,-1,471,107,0.5,-0.25,-0.5
1423,-1,421,103,0.5,0.25,0.5
1424,0,469,207,-0.5,0.25,-0.5
1425,-1,470,107,0.5,-0.25,-0.5
1426,0,467,205,-0.5,0.25,-0.5
1427,-1,387,102,0.5,0.25,0.5
1428,0,402,201,-0.5,-0.25,0.5
1429,-1,471,103,0.5,-0.25,-0.5
1430,-1,417,203,-0.5,-0.25,0.5
1431,-1,473,206,-0.5,0.25,-0.5
1432,-1,471,203,-0.5,0.25,-0.5
1433,-1,469,203,-0.5,0.25,-0.5
1434,0,463,203,-0.5,0.25,-0.5
1435,-1,406,208,-0.5,-0.25,0.5
1436,-1,390,102,0.5,0.25,0.5
1437,-1,471,202,-0.5,0.25,-0.5
1438,-1,469,103,0.5,-0.25,-0.5
1439,0,402,102,0.5,0.25,0.5
1440,-1,471,206,-0.5,0.25,-0.5
1441,-1,396,102,0.5,0.25,0.5
1442,-1,406,108,0.5,0.25,0.5
1443,-1,440,105,0.5,0.25,0.5
1444,-1,396,103,0.5,0.25,0.5
1445,-1,471,104,0.5,-0.25,-0.5
1446,-1,417,105,0.5,0.25,0.5
1447,0,372,107,0.5,0.25,0.5
1448,-1,473,201,-0.5,0.25,-0.5
1449,0,469,205,-0.5,0.25,-0.5
1450,-1,396,208,-0.5,-0.25,0.5
1451,0,440,208,-0.5,-0.25,0.5
1452,-1,480,201,-0.5,0.25,-0.5
1453,-1,475,206,-0.5,0.25,-0.5
1454,0,417,104,0.5,0.25,0.5
1455,0,470,101,0.5,-0.25,-0.5
1456,0,402,205,-0.5,-0.25,0.5
1457,-1,475,208,-0.5,0.25,-0.5
1458,-1,406,201,-0.5,-0.25,0.5
1459,0,402,107,0.5,0.25,0.5
1460,0,390,205,-0.5,-0.25,0.5
1461,-1,440,106,0.5,0.25,0.5
1462,-1,372,103,0.5,0.25,0.5
1463,-1,480,108,0.5,-0.25,-0.5
1464,-1,480,102,0.5,-0.25,-0.5
1465,0,372,105,0.5,0.25,0.5
1466,-1,475,202,-0.5,0.25,-0.5
1467,-1,473,205,-0.5,0.25,-0.5
1468,-1,440,104,0.5,0.25,0.5
1469,-1,387,108,0.5,0.25,0.5
1470,-1,390,104,0.5,0.25,0.5
1471,-1,473,104,0.5,-0.25,-0.5
1472,-1,372,202,-0.5,-0.25,0.5
1473,0,390,207,-0.5,-0.25,0.5
1474,0,406,205,-0.5,-0.25,0.5
1475,-1,372,208,-0.5,-0.25,0.5
1476,-1,473,101,0.5,-0.25,-0.5
1477,-1,480,207,-0.5,0.25,-0.5
1478,0,417,204,-0.5,-0.25,0.5
1479,-1,415,202,-0.5,-0.25,0.5
1480,-1,475,103,0.5,-0.25,-0.5
1481,-1,473,107,0.5,-0.25,-0.5
1482,-1,415,205,-0.5,-0.25,0.5
1483,-1,417,208,-0.5,-0.25,0.5
1484,0,402,101,0.5,0.25,0.5
1485,0,406,105,0.5,0.25,0.5
1486,0,417,107,0.5,0.25,0.5
1487,-1,415,103,0.5,0.25,0.5
1488,-1,406,102,0.5,0.25,0.5
1489,-1,402,207,-0.5,-0.25,0.5
1490,-1,480,103,0.5,-0.25,-0.5
1491,-1,475,102,0.5,-0.25,-0.5
1492,0,396,206,-0.5,-0.25,0.5
1493,-1,433,106,0.5,0.25,0.5
1494,-1,383,101,0.5,0.25,0.5
1495,0,475,107,0.5,-0.25,-0.5
1496,-1,480,206,-0.5,0.25,-0.5
1497,0,396,204,-0.5,-0.25,0.5
1498,0,483,204,-0.5,0.25,-0.5
1499,0,415,101,0.5,0.25,0.5
1500,0,415,106,0.5,0.25,0.5
1501,-1,415,206,-0.5,-0.25,0.5
1502,0,401,208,-0.5,-0.25,0.5
1503,-1,483,101,0.5,-0.25,-0.5
1504,-1,383,207,-0.5,-0.25,0.5
1505,-1,433,105,0.5,0.25,0.5
1506,-1,383,108,0.5,0.25,0.5
1507,0,433,204,-0.5,-0.25,0.5
1508,-1,383,102,0.5,0.25,0.5
1509,-1,401,104,0.5,0.25,0.5
1510,-1,383,203,-0.5,-0.25,0.5
1511,-1,366,101,0.5,0.25,0.5
1512,-1,433,207,-0.5,-0.25,0.5
1513,-1,483,107,0.5,-0.25,-0.5
1514,0,431,203,-0.5,-0.25,0.5
1515,0,401,207,-0.5,-0.25,0.5
1516,0,431,206,-0.5,-0.25,0.5
1517,0,433,101,0.5,0.25,0.5
1518,-1,366,105,0.5,0.25,0.5
1519,-1,431,108,0.5,0.25,0.5
1520,0,366,208,-0.5,-0.25,0.5
1521,0,401,108,0.5,0.25,0.5
1522,-1,439,105,0.5,0.25,0.5
1523,-1,431,102,0.5,0.25,0.5
1524,-1,491,104,0.5,-0.25,-0.5
1525,0,366,206,-0.5,-0.25,0.5
1526,0,491,203,-0.5,0.25,-0.5
1527,-1,439,103,0.5,0.25,0.5
1528,-1,492,106,0.5,-0.25,-0.5
1529,-1,439,101,0.5,0.25,0.5
1530,-1,439,202,-0.5,-0.25,0.5
1531,0,431,207,-0.5,-0.25,0.5
1532,0,483,205,-0.5,0.25,-0.5
1533,-1,492,206,-0.5,0.25,-0.5
1534,-1,483,103,0.5,-0.25,-0.5
1535,-1,442,105,0.5,0.25,0.5
1536,-1,492,208,-0.5,0.25,-0.5
1537,-1,491,108,0.5,-0.25,-0.5
1538,-1,439,205,-0.5,-0.25,0.5
1539,0,460,206,-0.5,-0.25,0.5
1540,0,460,204,-0.5,-0.25,0.5
1541,-1,492,207,-0.5,0.25,-0.5
1542,0,491,205,-0.5,0.25,-0.5
1543,0,460,202,-0.5,-0.25,0.5
1544,0,466,208,-0.5,-0.25,0.5
1545,-1,491,208,-0.5,0.25,-0.5
1546,-1,442,104,0.5,0.25,0.5
1547,0,466,207,-0.5,-0.25,0.5
1548,-1,460,107,0.5,0.25,0.5
1549,-1,492,103,0.5,-0.25,-0.5
1550,-1,501,101,0.5,-0.25,-0.5
1551,0,442,201,-0.5,-0.25,0.5
1552,-1,460,108,0.5,0.25,0.5
1553,-1,419,102,0.5,0.25,0.5
1554,-1,442,202,-0.5,-0.25,0.5
1555,0,460,105,0.5,0.25,0.5
1556,-1,464,105,0.5,0.25,0.5
1557,-1,504,108,0.5,-0.25,-0.5
1558,-1,442,208,-0.5,-0.25,0.5
1559,-1,464,106,0.5,0.25,0.5
1560,0,419,204,-0.5,-0.25,0.5
1561,-1,442,106,0.5,0.25,0.5
1562,0,464,205,-0.5,-0.25,0.5
1563,-1,504,202,-0.5,0.25,-0.5
1564,-1,501,203,-0.5,0.25,-0.5
1565,-1,507,204,-0.5,0.25,-0.5
1566,0,464,204,-0.5,-0.25,0.5
1567,0,507,206,-0.5,0.25,-0.5
1568,-1,455,108,0.5,0.25,0.5
1569,0,501,201,-0.5,0.25,-0.5
1570,-1,507,107,0.5,-0.25,-0.5
1571,-1,429,105,0.5,0.25,0.5
1572,0,419,201,-0.5,-0.25,0.5
1573,-1,466,108,0.5,0.25,0.5
1574,-1,464,108,0.5,0.25,0.5
1575,-1,501,105,0.5,-0.25,-0.5
1576,-1,466,103,0.5,0.25,0.5
1577,0,504,203,-0.5,0.25,-0.5
1578,-1,455,201,-0.5,-0.25,0.5
1579,-1,466,204,-0.5,-0.25,0.5
1580,-1,455,204,-0.5,-0.25,0.5
1581,-1,510,207,-0.5,0.25,-0.5
1582,0,507,203,-0.5,0.25,-0.5
1583,-1,455,101,0.5,0.25,0.5
1584,-1,504,101,0.5,-0.25,-0.5
1585,0,419,104,0.5,0.25,0.5
1586,0,446,204,-0.5,-0.25,0.5
1587,-1,510,103,0.5,-0.25,-0.5
1588,0,464,208,-0.5,-0.25,0.5
1589,-1,507,102,0.5,-0.25,-0.5
1590,0,429,204,-0.5,-0.25,0.5
1591,-1,504,208,-0.5,0.25,-0.5
1592,0,455,203,-0.5,-0.25,0.5
1593,-1,501,103,0.5,-0.25,-0.5
1594,0,465,204,-0.5,-0.25,0.5
1595,0,446,205,-0.5,-0.25,0.5
1596,-1,512,108,0.5,-0.25,-0.5
1597,-1,429,107,0.5,0.25,0.5
1598,0,446,207,-0.5,-0.25,0.5
1599,-1,507,106,0.5,-0.25,-0.5
1600,0,501,205,-0.5,0.25,-0.5
1601,-1,455,102,0.5,0.25,0.5
1602,-1,504,103,0.5,-0.25,-0.5
1603,-1,446,103,0.5,0.25,0.5
1604,-1,435,203,-0.5,-0.25,0.5
1605,0,510,105,0.5,-0.25,-0.5
1606,0,465,201,-0.5,-0.25,0.5
1607,0,512,107,0.5,-0.25,-0.5
1608,0,510,203,-0.5,0.25,-0.5
1609,-1,446,104,0.5,0.25,0.5
1610,-1,512,101,0.5,-0.25,-0.5
1611,-1,510,102,0.5,-0.25,-0.5
1612,0,465,104,0.5,0.25,0.5
1613,-1,512,207,-0.5,0.25,-0.5
1614,0,429,205,-0.5,-0.25,0.5
1615,-1,465,202,-0.5,-0.25,0.5
1616,-1,435,201,-0.5,-0.25,0.5
1617,-1,465,101,0.5,0.25,0.5
1618,0,512,204,-0.5,0.25,-0.5
1619,-1,435,102,0.5,0.25,0.5
1620,-1,512,202,-0.5,0.25,-0.5
1621,-1,457,207,-0.5,-0.25,0.5
1622,-1,435,108,0.5,0.25,0.5
1623,-1,517,202,-0.5,0.25,-0.5
1624,-1,435,207,-0.5,-0.25,0.5
1625,0,457,201,-0.5,-0.25,0.5
1626,0,461,204,-0.5,-0.25,0.5
1627,-1,457,103,0.5,0.25,0.5
1628,0,461,202,-0.5,-0.25,0.5
1629,0,457,101,0.5,0.25,0.5
1630,0,457,203,-0.5,-0.25,0.5
1631,0,361,208,-0.5,-0.25,0.5
1632,-1,517,103,0.5,-0.25,-0.5
1633,-1,518,101,0.5,-0.25,-0.5
1634,-1,517,107,0.5,-0.25,-0.5
1635,0,461,101,0.5,0.25,0.5
1636,0,457,102,0.5,0.25,0.5
1637,-1,520,102,0.5,-0.25,-0.5
1638,0,361,102,0.5,0.25,0.5
1639,0,461,107,0.5,0.25,0.5
1640,0,518,204,-0.5,0.25,-0.5
1641,0,461,203,-0.5,-0.25,0.5
1642,0,361,206,-0.5,-0.25,0.5
1643,-1,517,102,0.5,-0.25,-0.5
1644,-1,519,103,0.5,-0.25,-0.5
1645,-1,517,205,-0.5,0.25,-0.5
1646,0,361,207,-0.5,-0.25,0.5
1647,0,361,101,0.5,0.25,0.5
1648,0,519,202,-0.5,0.25,-0.5
1649,-1,518,103,0.5,-0.25,-0.5
1650,0,519,201,-0.5,0.25,-0.5
1651,-1,517,208,-0.5,0.25,-0.5
1652,0,518,207,-0.5,0.25,-0.5
1653,-1,520,206,-0.5,0.25,-0.5
1654,-1,518,104,0.5,-0.25,-0.5
1655,-1,454,206,-0.5,-0.25,0.5
1656,0,519,208,-0.5,0.25,-0.5
1657,0,518,203,-0.5,0.25,-0.5
1658,-1,500,102,0.5,0.25,0.5
1659,-1,454,105,0.5,0.25,0.5
1660,-1,520,106,0.5,-0.25,-0.5
1661,-1,454,202,-0.5,-0.25,0.5
1662,0,486,206,-0.5,-0.25,0.5
1663,0,520,203,-0.5,0.25,-0.5
1664,-1,528,102,0.5,-0.25,-0.5
1665,-1,519,107,0.5,-0.25,-0.5
1666,0,500,205,-0.5,-0.25,0.5
1667,-1,454,101,0.5,0.25,0.5
1668,0,500,206,-0.5,-0.25,0.5
1669,-1,531,103,0.5,-0.25,-0.5
1670,-1,531,105,0.5,-0.25,-0.5
1671,-1,528,108,0.5,-0.25,-0.5
1672,0,486,207,-0.5,-0.25,0.5
1673,-1,531,104,0.5,-0.25,-0.5
1674,-1,528,206,-0.5,0.25,-0.5
1675,-1,486,108,0.5,0.25,0.5
1676,0,477,208,-0.5,-0.25,0.5
1677,-1,486,208,-0.5,-0.25,0.5
1678,0,500,204,-0.5,-0.25,0.5
1679,0,528,202,-0.5,0.25,-0.5
1680,-1,531,207,-0.5,0.25,-0.5
1681,0,500,106,0.5,0.25,0.5
1682,-1,531,208,-0.5,0.25,-0.5
1683,-1,477,104,0.5,0.25,0.5
1684,0,380,203,-0.5,-0.25,0.5
1685,0,486,103,0.5,0.25,0.5
1686,0,477,206,-0.5,-0.25,0.5
1687,-1,531,204,-0.5,0.25,-0.5
1688,-1,528,101,0.5,-0.25,-0.5
1689,-1,477,101,0.5,0.25,0.5
1690,0,380,201,-0.5,-0.25,0.5
1691,0,477,207,-0.5,-0.25,0.5
1692,0,505,204,-0.5,-0.25,0.5
1693,0,479,208,-0.5,-0.25,0.5
1694,0,479,202,-0.5,-0.25,0.5
1695,0,380,207,-0.5,-0.25,0.5
1696,0,505,202,-0.5,-0.25,0.5
1697,-1,380,102,0.5,0.25,0.5
1698,-1,380,103,0.5,0.25,0.5
1699,0,479,206,-0.5,-0.25,0.5
1700,-1,479,105,0.5,0.25,0.5
1701,-1,505,107,0.5,0.25,0.5
1702,-1,488,105,0.5,0.25,0.5
1703,-1,479,108,0.5,0.25,0.5
1704,-1,505,106,0.5,0.25,0.5
1705,0,488,204,-0.5,-0.25,0.5
1706,-1,479,103,0.5,0.25,0.5
1707,0,488,201,-0.5,-0.25,0.5
1708,-1,488,202,-0.5,-0.25,0.5
1709,-1,488,107,0.5,0.25,0.5
1710,-1,537,103,0.5,-0.25,-0.5
1711,-1,537,204,-0.5,0.25,-0.5
1712,-1,496,103,0.5,0.25,0.5
1713,-1,540,108,0.5,-0.25,-0.5
1714,-1,540,104,0.5,-0.25,-0.5
1715,-1,537,201,-0.5,0.25,-0.5
1716,-1,496,204,-0.5,-0.25,0.5
1717,-1,540,103,0.5,-0.25,-0.5
1718,-1,537,102,0.5,-0.25,-0.5
1719,-1,540,207,-0.5,0.25,-0.5
1720,-1,488,108,0.5,0.25,0.5
1721,-1,430,207,-0.5,-0.25,0.5
1722,-1,496,106,0.5,0.25,0.5
1723,-1,496,208,-0.5,-0.25,0.5
1724,0,540,208,-0.5,0.25,-0.5
1725,0,537,208,-0.5,0.25,-0.5
1726,-1,430,102,0.5,0.25,0.5
1727,0,540,203,-0.5,0.25,-0.5
1728,-1,502,206,-0.5,-0.25,0.5
1729,-1,496,108,0.5,0.25,0.5
1730,0,430,203,-0.5,-0.25,0.5
1731,-1,430,103,0.5,0.25,0.5
1732,0,502,208,-0.5,-0.25,0.5
1733,-1,502,102,0.5,0.25,0.5
1734,0,499,201,-0.5,-0.25,0.5
1735,-1,499,102,0.5,0.25,0.5
1736,0,502,201,-0.5,-0.25,0.5
1737,0,499,203,-0.5,-0.25,0.5
1738,-1,514,207,-0.5,-0.25,0.5
1739,0,499,206,-0.5,-0.25,0.5
1740,-1,502,105,0.5,0.25,0.5
1741,0,499,104,0.5,0.25,0.5
1742,0,514,201,-0.5,-0.25,0.5
1743,-1,514,105,0.5,0.25,0.5
1744,0,529,204,-0.5,-0.25,0.5
1745,-1,529,106,0.5,0.25,0.5
1746,-1,529,103,0.5,0.25,0.5
1747,-1,529,105,0.5,0.25,0.5
1748,0,529,206,-0.5,-0.25,0.5
1749,-1,487,205,-0.5,-0.25,0.5
1750,0,487,206,-0.5,-0.25,0.5
1751,-1,487,101,0.5,0.25,0.5
1752,-1,506,208,-0.5,-0.25,0.5
1753,-1,487,108,0.5,0.25,0.5
1754,0,532,207,-0.5,-0.25,0.5
1755,0,536,205,-0.5,-0.25,0.5
1756,0,506,204,-0.5,-0.25,0.5
1757,-1,506,201,-0.5,-0.25,0.5
1758,-1,550,102,0.5,-0.25,-0.5
1759,0,536,206,-0.5,-0.25,0.5
1760,-1,506,108,0.5,0.25,0.5
1761,-1,536,105,0.5,0.25,0.5
1762,-1,550,207,-0.5,0.25,-0.5
1763,0,538,203,-0.5,-0.25,0.5
1764,-1,487,201,-0.5,-0.25,0.5
1765,0,532,206,-0.5,-0.25,0.5
1766,-1,487,106,0.5,0.25,0.5
1767,-1,506,107,0.5,0.25,0.5
1768,-1,538,101,0.5,0.25,0.5
1769,-1,538,108,0.5,0.25,0.5
1770,-1,536,108,0.5,0.25,0.5
1771,-1,543,103,0.5,0.25,0.5
1772,0,532,203,-0.5,-0.25,0.5
1773,-1,543,206,-0.5,-0.25,0.5
1774,-1,536,107,0.5,0.25,0.5
1775,0,550,204,-0.5,0.25,-0.5
1776,-1,543,106,0.5,0.25,0.5
1777,0,550,206,-0.5,0.25,-0.5
1778,0,538,201,-0.5,-0.25,0.5
1779,0,536,207,-0.5,-0.25,0.5
1780,-1,532,107,0.5,0.25,0.5
1781,0,543,203,-0.5,-0.25,0.5
1782,-1,538,103,0.5,0.25,0.5
1783,-1,532,103,0.5,0.25,0.5
1784,-1,541,107,0.5,0.25,0.5
1785,0,538,207,-0.5,-0.25,0.5
1786,-1,550,107,0.5,-0.25,-0.5
1787,0,541,208,-0.5,-0.25,0.5
1788,-1,550,101,0.5,-0.25,-0.5
1789,-1,543,102,0.5,0.25,0.5
1790,0,541,205,-0.5,-0.25,0.5
1791,-1,541,108,0.5,0.25,0.5
1792,0,543,204,-0.5,-0.25,0.5
1793,0,541,206,-0.5,-0.25,0.5
1794,-1,541,103,0.5,0.25,0.5
1795,0,516,104,0.5,0.25,0.5
1796,-1,516,103,0.5,0.25,0.5
1797,0,516,204,-0.5,-0.25,0.5
1798,-1,516,107,0.5,0.25,0.5
1799,-1,516,205,-0.5,-0.25,0.5
1800,-1,557,208,-0.5,0.25,-0.5
1801,-1,516,207,-0.5,-0.25,0.5
1802,-1,557,104,0.5,-0.25,-0.5
1803,0,557,206,-0.5,0.25,-0.5
1804,0,557,205,-0.5,0.25,-0.5
1805,0,557,101,0.5,-0.25,-0.5
1806,-1,542,108,0.5,0.25,0.5
1807,-1,514,104,0.5,0.25,0.5
1808,-1,514,102,0.5,0.25,0.5
1809,0,514,203,-0.5,-0.25,0.5
1810,-1,542,103,0.5,0.25,0.5
1811,0,542,204,-0.5,-0.25,0.5
1812,-1,535,104,0.5,0.25,0.5
1813,-1,542,107,0.5,0.25,0.5
1814,0,535,201,-0.5,-0.25,0.5
1815,0,542,205,-0.5,-0.25,0.5
1816,0,535,207,-0.5,-0.25,0.5
1817,-1,551,105,0.5,0.25,0.5
1818,-1,535,205,-0.5,-0.25,0.5
1819,-1,546,108,0.5,0.25,0.5
1820,0,535,107,0.5,0.25,0.5
1821,-1,546,102,0.5,0.25,0.5
1822,0,546,208,-0.5,-0.25,0.5
1823,-1,551,107,0.5,0.25,0.5
1824,-1,551,108,0.5,0.25,0.5
1825,0,551,207,-0.5,-0.25,0.5
1826,-1,546,206,-0.5,-0.25,0.5
1827,0,551,203,-0.5,-0.25,0.5
1828,0,546,201,-0.5,-0.25,0.5
1829,0,546,106,0.5,0.25,0.5
1830,0,551,206,-0.5,-0.25,0.5
1831,0,552,201,-0.5,-0.25,0.5
1832,0,548,208,-0.5,-0.25,0.5
1833,-1,548,105,0.5,0.25,0.5
1834,0,552,105,0.5,0.25,0.5
1835,-1,548,107,0.5,0.25,0.5
1836,-1,548,103,0.5,0.25,0.5
1837,-1,545,101,0.5,0.25,0.5
1838,0,552,202,-0.5,-0.25,0.5
1839,0,548,206,-0.5,-0.25,0.5
1840,0,552,203,-0.5,-0.25,0.5
1841,0,545,206,-0.5,-0.25,0.5
1842,-1,552,107,0.5,0.25,0.5
1843,0,545,207,-0.5,-0.25,0.5
1844,0,567,206,-0.5,0.25,-0.5
1845,-1,545,107,0.5,0.25,0.5
1846,-1,566,207,-0.5,0.25,-0.5
1847,0,545,208,-0.5,-0.25,0.5
1848,-1,566,108,0.5,-0.25,-0.5
1849,-1,566,205,-0.5,0.25,-0.5
1850,-1,567,105,0.5,-0.25,-0.5
1851,0,567,208,-0.5,0.25,-0.5
1852,-1,567,104,0.5,-0.25,-0.5
1853,-1,567,101,0.5,-0.25,-0.5
1854,0,567,201,-0.5,0.25,-0.5
1855,-1,566,106,0.5,-0.25,-0.5
1856,-1,566,107,0.5,-0.25,-0.5
1857,-1,568,103,0.5,-0.25,-0.5
1858,-1,568,207,-0.5,0.25,-0.5
1859,-1,561,107,0.5,0.25,0.5
1860,0,568,205,-0.5,0.25,-0.5
1861,-1,561,104,0.5,0.25,0.5
1862,0,561,206,-0.5,-0.25,0.5
1863,0,561,201,-0.5,-0.25,0.5
1864,-1,568,104,0.5,-0.25,-0.5
1865,0,561,203,-0.5,-0.25,0.5
1866,-1,561,103,0.5,0.25,0.5
1867,0,568,208,-0.5,0.25,-0.5
1868,-1,568,108,0.5,-0.25,-0.5
1869,-1,559,106,0.5,0.25,0.5
1870,0,559,101,0.5,0.25,0.5
1871,0,559,201,-0.5,-0.25,0.5
1872,-1,559,105,0.5,0.25,0.5
1873,-1,559,208,-0.5,-0.25,0.5
1874,-1,560,107,0.5,0.25,0.5
1875,-1,563,101,0.5,0.25,0.5
1876,-1,560,202,-0.5,-0.25,0.5
1877,-1,563,106,0.5,0.25,0.5
1878,-1,560,204,-0.5,-0.25,0.5
1879,0,563,201,-0.5,-0.25,0.5
1880,-1,560,106,0.5,0.25,0.5
1881,0,563,207,-0.5,-0.25,0.5
1882,-1,563,104,0.5,0.25,0.5
1883,0,563,202,-0.5,-0.25,0.5
1884,-1,560,104,0.5,0.25,0.5
1885,0,569,208,-0.5,-0.25,0.5
1886,-1,569,103,0.5,0.25,0.5
1887,0,569,205,-0.5,-0.25,0.5
1888,0,569,201,-0.5,-0.25,0.5
1889,-1,556,104,0.5,0.25,0.5
1890,-1,569,108,0.5,0.25,0.5
1891,-1,569,105,0.5,0.25,0.5
1892,-1,556,103,0.5,0.25,0.5
1893,-1,556,202,-0.5,-0.25,0.5
1894,0,556,205,-0.5,-0.25,0.5
1895,-1,556,108,0.5,0.25,0.5
1896,0,556,207,-0.5,-0.25,0.5
1897,-1,579,202,-0.5,0.25,-0.5
1898,-1,579,108,0.5,-0.25,-0.5
1899,-1,579,104,0.5,-0.25,-0.5
1900,0,579,204,-0.5,0.25,-0.5
1901,0,579,201,-0.5,0.25,-0.5
1902,0,572,207,-0.5,-0.25,0.5
1903,-1,572,105,0.5,0.25,0.5
1904,-1,572,106,0.5,0.25,0.5
1905,0,572,203,-0.5,-0.25,0.5
1906,0,572,201,-0.5,-0.25,0.5
1907,-1,572,103,0.5,0.25,0.5
1908,-1,582,202,-0.5,0.25,-0.5
1909,0,582,107,0.5,-0.25,-0.5
1910,0,582,105,0.5,-0.25,-0.5
1911,0,582,203,-0.5,0.25,-0.5
1912,-1,582,104,0.5,-0.25,-0.5
1913,-1,582,208,-0.5,0.25,-0.5
1914,-1,571,205,-0.5,-0.25,0.5
1915,-1,571,105,0.5,0.25,0.5
1916,0,571,206,-0.5,-0.25,0.5
1917,0,574,206,-0.5,-0.25,0.5
1918,-1,571,106,0.5,0.25,0.5
1919,-1,574,105,0.5,0.25,0.5
1920,0,571,104,0.5,0.25,0.5
1921,-1,576,104,0.5,0.25,0.5
1922,0,576,203,-0.5,-0.25,0.5
1923,-1,574,108,0.5,0.25,0.5
1924,0,574,202,-0.5,-0.25,0.5
1925,-1,576,103,0.5,0.25,0.5
1926,0,574,104,0.5,0.25,0.5
1927,-1,576,102,0.5,0.25,0.5
1928,-1,574,207,-0.5,-0.25,0.5
1929,0,576,202,-0.5,-0.25,0.5
1930,-1,576,205,-0.5,-0.25,0.5
1931,-1,580,202,-0.5,-0.25,0.5
1932,0,580,101,0.5,0.25,0.5
1933,-1,580,208,-0.5,-0.25,0.5
1934,0,580,203,-0.5,-0.25,0.5
1935,0,580,106,0.5,0.25,0.5
1936,-1,581,104,0.5,0.25,0.5
1937,-1,581,207,-0.5,-0.25,0.5
1938,-1,581,105,0.5,0.25,0.5
1939,-1,588,104,0.5,-0.25,-0.5
1940,-1,581,108,0.5,0.25,0.5
1941,-1,588,203,-0.5,0.25,-0.5
1942,-1,581,208,-0.5,-0.25,0.5
1943,-1,588,201,-0.5,0.25,-0.5
1944,-1,588,103,0.5,-0.25,-0.5
1945,-1,581,202,-0.5,-0.25,0.5
1946,-1,588,107,0.5,-0.25,-0.5
1947,0,588,207,-0.5,0.25,-0.5
1948,0,584,202,-0.5,-0.25,0.5
1949,-1,584,106,0.5,0.25,0.5
1950,0,584,207,-0.5,-0.25,0.5
1951,0,584,205,-0.5,-0.25,0.5
1952,0,584,101,0.5,0.25,0.5
1953,0,584,105,0.5,0.25,0.5
1954,-1,587,107,0.5,0.25,0.5
1955,-1,587,104,0.5,0.25,0.5
1956,0,587,203,-0.5,-0.25,0.5
1957,0,587,204,-0.5,-0.25,0.5
1958,0,587,201,-0.5,-0.25,0.5
1959,-1,589,207,-0.5,-0.25,0.5
1960,-1,587,103,0.5,0.25,0.5
1961,-1,589,203,-0.5,-0.25,0.5
1962,-1,589,108,0.5,0.25,0.5
1963,0,589,201,-0.5,-0.25,0.5
1964,0,589,105,0.5,0.25,0.5
1965,0,589,101,0.5,0.25,0.5
1966,-1,577,102,0.5,0.25,0.5
1967,-1,577,103,0.5,0.25,0.5
1968,-1,577,208,-0.5,-0.25,0.5
1969,-1,577,202,-0.5,-0.25,0.5
1970,-1,577,201,-0.5,-0.25,0.5
1971,-1,577,108,0.5,0.25,0.5
1972,0,590,204,-0.5,-0.25,0.5
1973,-1,590,104,0.5,0.25,0.5
1974,0,590,203,-0.5,-0.25,0.5
1975,-1,590,106,0.5,0.25,0.5
1976,0,590,207,-0.5,-0.25,0.5
1977,-1,596,107,0.5,-0.25,-0.5
1978,0,596,206,-0.5,0.25,-0.5
1979,0,596,207,-0.5,0.25,-0.5
1980,0,598,201,-0.5,0.25,-0.5
1981,-1,598,107,0.5,-0.25,-0.5
1982,-1,598,103,0.5,-0.25,-0.5
1983,-1,598,208,-0.5,0.25,-0.5
1984,-1,598,106,0.5,-0.25,-0.5
1985,-1,596,201,-0.5,0.25,-0.5
1986,-1,596,103,0.5,-0.25,-0.5
1987,-1,595,103,0.5,0.25,0.5
1988,0,595,201,-0.5,-0.25,0.5
1989,0,595,101,0.5,0.25,0.5
1990,0,595,207,-0.5,-0.25,0.5
1991,-1,595,202,-0.5,-0.25,0.5
1992,-1,603,102,0.5,0.25,0.5
1993,-1,603,106,0.5,0.25,0.5
1994,-1,603,105,0.5,0.25,0.5
1995,-1,603,202,-0.5,-0.25,0.5
1996,-1,603,208,-0.5,-0.25,0.5
1997,-1,603,201,-0.5,-0.25,0.5
1998,0,602,206,-0.5,-0.25,0.5
1999,0,602,205,-0.5,-0.25,0.5
2000,0,602,204,-0.5,-0.25,0.5
2001,0,602,104,0.5,0.25,0.5
2002,0,602,103,0.5,0.25,0.5
2003,0,599,201,-0.5,-0.25,0.5
2004,-1,599,108,0.5,0.25,0.5
2005,0,609,206,-0.5,0.25,-0.5
2006,-1,599,205,-0.5,-0.25,0.5
2007,-1,609,107,0.5,-0.25,-0.5
2008,-1,609,101,0.5,-0.25,-0.5
2009,-1,599,107,0.5,0.25,0.5
2010,0,609,204,-0.5,0.25,-0.5
2011,0,599,207,-0.5,-0.25,0.5
2012,-1,599,101,0.5,0.25,0.5
2013,-1,609,105,0.5,-0.25,-0.5
2014,0,600,101,0.5,0.25,0.5
2015,-1,600,104,0.5,0.25,0.5
2016,-1,613,107,0.5,-0.25,-0.5
2017,-1,613,103,0.5,-0.25,-0.5
2018,0,613,207,-0.5,0.25,-0.5
2019,0,613,204,-0.5,0.25,-0.5
2020,0,600,206,-0.5,-0.25,0.5
2021,-1,600,205,-0.5,-0.25,0.5
2022,0,613,206,-0.5,0.25,-0.5
2023,-1,600,201,-0.5,-0.25,0.5
2024,-1,606,103,0.5,0.25,0.5
2025,-1,606,106,0.5,0.25,0.5
2026,-1,606,203,-0.5,-0.25,0.5
2027,0,606,201,-0.5,-0.25,0.5
2028,-1,606,205,-0.5,-0.25,0.5
2029,-1,605,102,0.5,0.25,0.5
2030,0,605,205,-0.5,-0.25,0.5
2031,0,605,207,-0.5,-0.25,0.5
2032,0,608,104,0.5,0.25,0.5
2033,-1,605,105,0.5,0.25,0.5
2034,0,608,208,-0.5,-0.25,0.5
2035,0,608,205,-0.5,-0.25,0.5
2036,-1,608,107,0.5,0.25,0.5
2037,0,608,203,-0.5,-0.25,0.5
2038,-1,611,105,0.5,0.25,0.5
2039,0,611,207,-0.5,-0.25,0.5
2040,0,611,204,-0.5,-0.25,0.5
2041,0,611,205,-0.5,-0.25,0.5
2042,-1,611,103,0.5,0.25,0.5
2043,-1,620,201,-0.5,0.25,-0.5
2044,-1,620,203,-0.5,0.25,-0.5
2045,-1,620,207,-0.5,0.25,-0.5
2046,-1,620,103,0.5,-0.25,-0.5
2047,-1,620,104,0.5,-0.25,-0.5
2048,-1,620,107,0.5,-0.25,-0.5
2049,-1,622,101,0.5,-0.25,-0.5
2050,-1,622,201,-0.5,0.25,-0.5
2051,-1,622,104,0.5,-0.25,-0.5
2052,0,622,203,-0.5,0.25,-0.5
2053,-1,622,107,0.5,-0.25,-0.5
2054,-1,626,204,-0.5,0.25,-0.5
2055,-1,627,108,0.5,-0.25,-0.5
2056,0,626,106,0.5,-0.25,-0.5
2057,0,627,203,-0.5,0.25,-0.5
2058,-1,627,207,-0.5,0.25,-0.5
2059,-1,627,104,0.5,-0.25,-0.5
2060,0,626,104,0.5,-0.25,-0.5
2061,0,626,203,-0.5,0.25,-0.5
2062,-1,627,103,0.5,-0.25,-0.5
2063,0,627,201,-0.5,0.25,-0.5
2064,-1,626,208,-0.5,0.25,-0.5
2065,0,629,203,-0.5,0.25,-0.5
2066,-1,629,107,0.5,-0.25,-0.5
2067,-1,629,106,0.5,-0.25,-0.5
2068,-1,629,101,0.5,-0.25,-0.5
2069,-1,629,202,-0.5,0.25,-0.5
2070,-1,630,108,0.5,-0.25,-0.5
2071,-1,621,102,0.5,0.25,0.5
2072,0,621,204,-0.5,-0.25,0.5
2073,-1,630,104,0.5,-0.25,-0.5
2074,-1,631,101,0.5,-0.25,-0.5
2075,-1,630,206,-0.5,0.25,-0.5
2076,-1,621,206,-0.5,-0.25,0.5
2077,-1,630,203,-0.5,0.25,-0.5
2078,-1,621,103,0.5,0.25,0.5
2079,0,631,104,0.5,-0.25,-0.5
2080,0,621,207,-0.5,-0.25,0.5
2081,-1,631,208,-0.5,0.25,-0.5
2082,0,631,203,-0.5,0.25,-0.5
2083,-1,634,103,0.5,-0.25,-0.5
2084,-1,634,205,-0.5,0.25,-0.5
2085,-1,634,202,-0.5,0.25,-0.5
2086,-1,634,102,0.5,-0.25,-0.5
2087,-1,634,207,-0.5,0.25,-0.5
2088,-1,634,108,0.5,-0.25,-0.5
2089,-1,623,107,0.5,0.25,0.5
2090,0,623,205,-0.5,-0.25,0.5
2091,0,623,104,0.5,0.25,0.5
2092,-1,623,103,0.5,0.25,0.5
2093,0,623,207,-0.5,-0.25,0.5
2094,0,623,208,-0.5,-0.25,0.5
2095,-1,635,205,-0.5,-0.25,0.5
2096,0,635,203,-0.5,-0.25,0.5
2097,-1,635,108,0.5,0.25,0.5
2098,-1,628,104,0.5,0.25,0.5
2099,-1,628,201,-0.5,-0.25,0.5
2100,-1,635,105,0.5,0.25,0.5
2101,0,635,208,-0.5,-0.25,0.5
2102,-1,635,101,0.5,0.25,0.5
2103,-1,628,207,-0.5,-0.25,0.5
2104,-1,628,107,0.5,0.25,0.5
2105,0,628,106,0.5,0.25,0.5
2106,-1,628,206,-0.5,-0.25,0.5
2107,-1,636,102,0.5,0.25,0.5
2108,-1,636,105,0.5,0.25,0.5
2109,-1,636,208,-0.5,-0.25,0.5
2110,-1,636,202,-0.5,-0.25,0.5
2111,-1,636,203,-0.5,-0.25,0.5
2112,-1,636,103,0.5,0.25,0.5
2113,-1,639,101,0.5,0.25,0.5
2114,-1,639,208,-0.5,-0.25,0.5
2115,0,639,204,-0.5,-0.25,0.5
2116,-1,639,103,0.5,0.25,0.5
2117,0,639,203,-0.5,-0.25,0.5
2118,0,639,104,0.5,0.25,0.5
2119,-1,640,104,0.5,0.25,0.5
2120,-1,640,208,-0.5,-0.25,0.5
2121,0,640,101,0.5,0.25,0.5
2122,0,640,202,-0.5,-0.25,0.5
2123,-1,640,201,-0.5,-0.25,0.5
2124,-1,641,202,-0.5,-0.25,0.5
2125,-1,641,105,0.5,0.25,0.5
2126,-1,641,201,-0.5,-0.25,0.5
2127,0,641,208,-0.5,-0.25,0.5
2128,-1,641,102,0.5,0.25,0.5
2129,-1,641,106,0.5,0.25,0.5
2130,0,642,205,-0.5,-0.25,0.5
2131,0,642,206,-0.5,-0.25,0.5
2132,-1,642,107,0.5,0.25,0.5
2133,0,642,201,-0.5,-0.25,0.5
2134,-1,642,101,0.5,0.25,0.5
2135,-1,642,105,0.5,0.25,0.5
2136,0,643,203,-0.5,-0.25,0.5
2137,-1,643,106,0.5,0.25,0.5
2138,0,643,202,-0.5,-0.25,0.5
2139,-1,643,101,0.5,0.25,0.5
2140,0,643,207,-0.5,-0.25,0.5
2141,-1,644,205,-0.5,-0.25,0.5
2142,-1,644,208,-0.5,-0.25,0.5
2143,-1,644,108,0.5,0.25,0.5
2144,0,644,206,-0.5,-0.25,0.5
2145,-1,644,104,0.5,0.25,0.5
2146,-1,644,107,0.5,0.25,0.5
2147,0,645,205,-0.5,0.25,-0.5
2148,0,645,206,-0.5,0.25,-0.5
2149,0,645,106,0.5,-0.25,-0.5
2150,-1,645,107,0.5,-0.25,-0.5
